passage_id,corpus,analysis_profile,analysis_reading,granularity,book,start_reference,end_reference,disputed_passage_ids_json,token_count
P_GNT_EDITION_COMPLETE_SOURCE_CLAUSE_MRK_016_009~5a2475495b288ec044b7a8e6f920cfa7d314f5bdd23b1cdcc79e8c5e76482c48,greek,edition_complete,source,clause,MRK,MRK 16:9,MRK 16:9,"[""mark_longer_ending""]",4
P_GNT_EDITION_COMPLETE_SOURCE_CLAUSE_MRK_016_009~38f8f1b5a32312bc30fa17de354c2dd26f2c84b27b5417a985dc6a3f92c2e4ca,greek,edition_complete,source,clause,MRK,MRK 16:9,MRK 16:9,"[""mark_longer_ending""]",1
P_GNT_EDITION_COMPLETE_SOURCE_CLAUSE_MRK_016_009~1611285580ad78e33e872710fed728a018369ec03cac1eb9e1fb8ae9d6f5a797,greek,edition_complete,source,clause,MRK,MRK 16:9,MRK 16:9,"[""mark_longer_ending""]",5
P_GNT_EDITION_COMPLETE_SOURCE_CLAUSE_MRK_016_009~5233b5daf8f1679e243c4d23a33e45f21a308284e6e84139c14dcc7da861de5c,greek,edition_complete,source,clause,MRK,MRK 16:9,MRK 16:9,"[""mark_longer_ending""]",5
P_GNT_EDITION_COMPLETE_SOURCE_CLAUSE_MRK_016_010~076300925b2f2d86ad1d57548c7ec72995f6e2a9b1da19da60a9400959ab779a,greek,edition_complete,source,clause,MRK,MRK 16:10,MRK 16:10,"[""mark_longer_ending""]",3
P_GNT_EDITION_COMPLETE_SOURCE_CLAUSE_MRK_016_010~8e7282fd3bcf649a5350be63f03c7a192ebadd57d0e47b8aa66aa1bedca12fc8,greek,edition_complete,source,clause,MRK,MRK 16:10,MRK 16:10,"[""mark_longer_ending""]",1
P_GNT_EDITION_COMPLETE_SOURCE_CLAUSE_MRK_016_010~988b5af61b425cc3830d14f60795d72856c84ca88295b6c859c06230759d321a,greek,edition_complete,source,clause,MRK,MRK 16:10,MRK 16:10,"[""mark_longer_ending""]",3
P_GNT_EDITION_COMPLETE_SOURCE_CLAUSE_MRK_016_010~56ca345039fdc03bf3c9f1a50349c424907fe6244d0d36e942fb47a74ca16b96,greek,edition_complete,source,clause,MRK,MRK 16:10,MRK 16:10,"[""mark_longer_ending""]",1
P_GNT_EDITION_COMPLETE_SOURCE_CLAUSE_MRK_016_010~0abe67a5ddcdeeaa574c9d82cd58f8f40e97670ac45feb987d332a8dc58049f2,greek,edition_complete,source,clause,MRK,MRK 16:10,MRK 16:10,"[""mark_longer_ending""]",1
P_GNT_EDITION_COMPLETE_SOURCE_CLAUSE_MRK_016_010~b32f8b2feba89e1dfe4915cd14e8527d63ecc183e5407f1b1b6996d6580b453e,greek,edition_complete,source,clause,MRK,MRK 16:10,MRK 16:10,"[""mark_longer_ending""]",1
P_GNT_EDITION_COMPLETE_SOURCE_CLAUSE_MRK_016_011~ad46b7014dd8704a7a2337364ac70602d82e931a004acf730e4308484c776411,greek,edition_complete,source,clause,MRK,MRK 16:11,MRK 16:11,"[""mark_longer_ending""]",2
P_GNT_EDITION_COMPLETE_SOURCE_CLAUSE_MRK_016_011~1f013ef2e94393cd0284fb583d1d0443c614e7e48bcc1d3219c82e4368eb046b,greek,edition_complete,source,clause,MRK,MRK 16:11,MRK 16:11,"[""mark_longer_ending""]",1
P_GNT_EDITION_COMPLETE_SOURCE_CLAUSE_MRK_016_011~6772c9b419ff411043cc83994ec97b7a021601d3d49c984b1821ed66c728cbd5,greek,edition_complete,source,clause,MRK,MRK 16:11,MRK 16:11,"[""mark_longer_ending""]",1
P_GNT_EDITION_COMPLETE_SOURCE_CLAUSE_MRK_016_011~a31c1fa0fa4ac80de0c2e48980225a94fe21ae7385236d242fb3264dbed5c37c,greek,edition_complete,source,clause,MRK,MRK 16:11,MRK 16:11,"[""mark_longer_ending""]",1
P_GNT_EDITION_COMPLETE_SOURCE_CLAUSE_MRK_016_011~0ff1f1921eecbdfcda1603a13d38f26e10ae97d2fe11a22a56816198c1116823,greek,edition_complete,source,clause,MRK,MRK 16:11,MRK 16:11,"[""mark_longer_ending""]",1
P_GNT_EDITION_COMPLETE_SOURCE_CLAUSE_MRK_016_011~bd9b85896104c96ba64d67f6e40e0ee6b94505bc56a59ce5c25e6882a9d87810,greek,edition_complete,source,clause,MRK,MRK 16:11,MRK 16:11,"[""mark_longer_ending""]",3
P_GNT_EDITION_COMPLETE_SOURCE_CLAUSE_MRK_016_012~b934ca9b142dec75aecc74a74f6b7e4d1c60f28d82089328ff5f6299019505b1,greek,edition_complete,source,clause,MRK,MRK 16:12,MRK 16:12,"[""mark_longer_ending""]",6
P_GNT_EDITION_COMPLETE_SOURCE_CLAUSE_MRK_016_012~2ff054deffc5d2a4909e1f61f9bd763b6b7cc5941f78d8a41a4b5d9c6eaa0348,greek,edition_complete,source,clause,MRK,MRK 16:12,MRK 16:12,"[""mark_longer_ending""]",1
P_GNT_EDITION_COMPLETE_SOURCE_CLAUSE_MRK_016_012~395c00509711d4dc386e7ddf385a84b6e042cada184ea58203d683f9b65faa22,greek,edition_complete,source,clause,MRK,MRK 16:12,MRK 16:12,"[""mark_longer_ending""]",4
P_GNT_EDITION_COMPLETE_SOURCE_CLAUSE_MRK_016_012~5098e67404c7608959bcb480ef1597dc4dd68f0d618f680f8e179dc120a5c88c,greek,edition_complete,source,clause,MRK,MRK 16:12,MRK 16:12,"[""mark_longer_ending""]",3
P_GNT_EDITION_COMPLETE_SOURCE_CLAUSE_MRK_016_013~12d944415753a2b56a0ffe5156dede8aac896d3b33bd284d5cfb165fd35ca435,greek,edition_complete,source,clause,MRK,MRK 16:13,MRK 16:13,"[""mark_longer_ending""]",4
P_GNT_EDITION_COMPLETE_SOURCE_CLAUSE_MRK_016_013~7bf50591e3d4d804c2575665fbc108cd5f789215bcbb9dcb23826a5a6efdff0d,greek,edition_complete,source,clause,MRK,MRK 16:13,MRK 16:13,"[""mark_longer_ending""]",1
P_GNT_EDITION_COMPLETE_SOURCE_CLAUSE_MRK_016_013~928012f6848803ebcd23325f5b92291f165684ebbba975c2a35f525c811cd630,greek,edition_complete,source,clause,MRK,MRK 16:13,MRK 16:13,"[""mark_longer_ending""]",3
P_GNT_EDITION_COMPLETE_SOURCE_CLAUSE_MRK_016_014~261ae948a9070159eaebd2013d0919193ec7d56d603bc03d6f03c2ab6f988d43,greek,edition_complete,source,clause,MRK,MRK 16:14,MRK 16:14,"[""mark_longer_ending""]",5
P_GNT_EDITION_COMPLETE_SOURCE_CLAUSE_MRK_016_014~b3fd3db8c8c9f29ce60dd40bb0a0695600baf914834218959799ecb102624999,greek,edition_complete,source,clause,MRK,MRK 16:14,MRK 16:14,"[""mark_longer_ending""]",1
P_GNT_EDITION_COMPLETE_SOURCE_CLAUSE_MRK_016_014~1f1567b038e4924f4b0b75a4e33721d1eb7adc1c17b465b865d71fcef0d68520,greek,edition_complete,source,clause,MRK,MRK 16:14,MRK 16:14,"[""mark_longer_ending""]",1
P_GNT_EDITION_COMPLETE_SOURCE_CLAUSE_MRK_016_014~d8269352a1315d6fd1a820fd7701757a12e4f141e3b66e82821231d1dcbdfe8f,greek,edition_complete,source,clause,MRK,MRK 16:14,MRK 16:14,"[""mark_longer_ending""]",1
P_GNT_EDITION_COMPLETE_SOURCE_CLAUSE_MRK_016_014~f4aa167e766df7fba39cf38153533ed9ceff5d9040fcde2aa4bd20cd37ed2684,greek,edition_complete,source,clause,MRK,MRK 16:14,MRK 16:14,"[""mark_longer_ending""]",6
P_GNT_EDITION_COMPLETE_SOURCE_CLAUSE_MRK_016_014~a5e4a1f9ac5b1243ae1aa64667aa22cd0d03268ef6cda2b937ec9aa2f37dabff,greek,edition_complete,source,clause,MRK,MRK 16:14,MRK 16:14,"[""mark_longer_ending""]",1
P_GNT_EDITION_COMPLETE_SOURCE_CLAUSE_MRK_016_014~efcab585dcb752b2f7a734bb3e34fec8a1a813943c7f70acd8e74125dd7488b8,greek,edition_complete,source,clause,MRK,MRK 16:14,MRK 16:14,"[""mark_longer_ending""]",3
P_GNT_EDITION_COMPLETE_SOURCE_CLAUSE_MRK_016_014~907f193aecc8e990ea8934733ef1d21da3984380f53b45523439bd5d6b3d9c4a,greek,edition_complete,source,clause,MRK,MRK 16:14,MRK 16:14,"[""mark_longer_ending""]",1
P_GNT_EDITION_COMPLETE_SOURCE_CLAUSE_MRK_016_014~8f757be242ab26641be8d50a55bcf122a44a9ff69018471ccd31628fb38e1646,greek,edition_complete,source,clause,MRK,MRK 16:14,MRK 16:14,"[""mark_longer_ending""]",2
P_GNT_EDITION_COMPLETE_SOURCE_CLAUSE_MRK_016_015~d2ba49da1f517d535f9ad2b9f1cf22a1e3556610174c6c93f8adc20ad131fff6,greek,edition_complete,source,clause,MRK,MRK 16:15,MRK 16:15,"[""mark_longer_ending""]",1
P_GNT_EDITION_COMPLETE_SOURCE_CLAUSE_MRK_016_015~9710e3fbb294ca02e036955aaee8db45d25a4cc3196cfccf344257d7fc1af5f7,greek,edition_complete,source,clause,MRK,MRK 16:15,MRK 16:15,"[""mark_longer_ending""]",2
P_GNT_EDITION_COMPLETE_SOURCE_CLAUSE_MRK_016_015~fb16ccf86af87b0d12a1f29ed3e693f36c948c47754966f5d6ae5715d5040dc1,greek,edition_complete,source,clause,MRK,MRK 16:15,MRK 16:15,"[""mark_longer_ending""]",5
P_GNT_EDITION_COMPLETE_SOURCE_CLAUSE_MRK_016_015~c3c8ad9121ada4cc571ebb636ed73d6da7f208b6f1cc40d268d7de16d03c8423,greek,edition_complete,source,clause,MRK,MRK 16:15,MRK 16:15,"[""mark_longer_ending""]",6
P_GNT_EDITION_COMPLETE_SOURCE_CLAUSE_MRK_016_016~27426d1438ef1b24695fdcf654e23861754a9060cc9fb4e7bbd0d159f7698091,greek,edition_complete,source,clause,MRK,MRK 16:16,MRK 16:16,"[""mark_longer_ending""]",2
P_GNT_EDITION_COMPLETE_SOURCE_CLAUSE_MRK_016_016~7a98330860353a24044b620357c8e64c9364e6b2c47e36dd40b5247a8da78dda,greek,edition_complete,source,clause,MRK,MRK 16:16,MRK 16:16,"[""mark_longer_ending""]",1
P_GNT_EDITION_COMPLETE_SOURCE_CLAUSE_MRK_016_016~9ec3d82ef5641a043c09ed9b5ab9ce8945fce80a5f0f71c69d6c0e652a106958,greek,edition_complete,source,clause,MRK,MRK 16:16,MRK 16:16,"[""mark_longer_ending""]",1
P_GNT_EDITION_COMPLETE_SOURCE_CLAUSE_MRK_016_016~51ed5d83247f1909fe14c344f998b9e65c6f63a63c1e331db91a39610b2ca3c4,greek,edition_complete,source,clause,MRK,MRK 16:16,MRK 16:16,"[""mark_longer_ending""]",1
P_GNT_EDITION_COMPLETE_SOURCE_CLAUSE_MRK_016_016~6f2630ff8515b1416fc66d73a72eee6b86ec2aae8f797d1e1324cd370f49c05f,greek,edition_complete,source,clause,MRK,MRK 16:16,MRK 16:16,"[""mark_longer_ending""]",2
P_GNT_EDITION_COMPLETE_SOURCE_CLAUSE_MRK_016_016~6557c2c02b7fde3d19bc3cc8b1a111d420f8aad9bbfc5a00aa5845463a0399ea,greek,edition_complete,source,clause,MRK,MRK 16:16,MRK 16:16,"[""mark_longer_ending""]",1
P_GNT_EDITION_COMPLETE_SOURCE_CLAUSE_MRK_016_016~78e8c6d63efb4e98d4a9f5d93b0d300d5124aca86b985b5e0c304a15bfe8723f,greek,edition_complete,source,clause,MRK,MRK 16:16,MRK 16:16,"[""mark_longer_ending""]",1
P_GNT_EDITION_COMPLETE_SOURCE_CLAUSE_MRK_016_017~155f9c9bba8d0810de697804c4be4774d637ad626a55a655aef35ef84bca0c4a,greek,edition_complete,source,clause,MRK,MRK 16:17,MRK 16:17,"[""mark_longer_ending""]",4
P_GNT_EDITION_COMPLETE_SOURCE_CLAUSE_MRK_016_017~efef50e479312fed8b834697a3836b40fefed3920acca4903a3af78b5bf9f7ad,greek,edition_complete,source,clause,MRK,MRK 16:17,MRK 16:17,"[""mark_longer_ending""]",1
P_GNT_EDITION_COMPLETE_SOURCE_CLAUSE_MRK_016_017~475558dbb5e57449d213a483937fc5dd2961f90ac91f3bb5aeb8a1675cf4aa57,greek,edition_complete,source,clause,MRK,MRK 16:17,MRK 16:17,"[""mark_longer_ending""]",1
P_GNT_EDITION_COMPLETE_SOURCE_CLAUSE_MRK_016_017~53d109684945144c36bfb243f132916ac41c6dc75b8bd8af5f13f9512f4e4355,greek,edition_complete,source,clause,MRK,MRK 16:17,MRK 16:17,"[""mark_longer_ending""]",6
P_GNT_EDITION_COMPLETE_SOURCE_CLAUSE_MRK_016_017~01cbf5432177055deed5e9440e81f15efe6757154a0905ad65a53cc12368bc96,greek,edition_complete,source,clause,MRK,MRK 16:17,MRK 16:17,"[""mark_longer_ending""]",3
P_GNT_EDITION_COMPLETE_SOURCE_CLAUSE_MRK_016_018~4022d412b466e8c3c8479a1b98b3f10418df30fe9afd0aa13f351c5116eb57ce,greek,edition_complete,source,clause,MRK,MRK 16:18,MRK 16:18,"[""mark_longer_ending""]",2
P_GNT_EDITION_COMPLETE_SOURCE_CLAUSE_MRK_016_018~d0ac19c8ee4a3773915f3d6b1130996dfd0aabd7072886818336c655a8cdbb0d,greek,edition_complete,source,clause,MRK,MRK 16:18,MRK 16:18,"[""mark_longer_ending""]",1
P_GNT_EDITION_COMPLETE_SOURCE_CLAUSE_MRK_016_018~ba659edebdfbd8607ee5f043501f1a2a02888a6519bad23aa07bd095151acfc4,greek,edition_complete,source,clause,MRK,MRK 16:18,MRK 16:18,"[""mark_longer_ending""]",3
P_GNT_EDITION_COMPLETE_SOURCE_CLAUSE_MRK_016_018~1b0f30023be621ab4bec1276bc696d27282730f9ffe44f5a5d4650f3b23e62fa,greek,edition_complete,source,clause,MRK,MRK 16:18,MRK 16:18,"[""mark_longer_ending""]",4
P_GNT_EDITION_COMPLETE_SOURCE_CLAUSE_MRK_016_018~320744cf59d25922614b22a25a109e8fb1f65e1e9a831a469d2a70dc0236c202,greek,edition_complete,source,clause,MRK,MRK 16:18,MRK 16:18,"[""mark_longer_ending""]",4
P_GNT_EDITION_COMPLETE_SOURCE_CLAUSE_MRK_016_018~5ee71e95068da65034c8b1e98cb4266cbcbf3d908e43d2dde23d6bc0c0dc5af6,greek,edition_complete,source,clause,MRK,MRK 16:18,MRK 16:18,"[""mark_longer_ending""]",1
P_GNT_EDITION_COMPLETE_SOURCE_CLAUSE_MRK_016_018~4654aa6cebb8ce9b7475bf174da219684cd88d917cf264579af56d74f5807107,greek,edition_complete,source,clause,MRK,MRK 16:18,MRK 16:18,"[""mark_longer_ending""]",2
P_GNT_EDITION_COMPLETE_SOURCE_CLAUSE_MRK_016_019~c20a9296e794cd4c4577a4a5fc4d75e69820ea8cef30e7a60ae867242fff85a2,greek,edition_complete,source,clause,MRK,MRK 16:19,MRK 16:19,"[""mark_longer_ending""]",9
P_GNT_EDITION_COMPLETE_SOURCE_CLAUSE_MRK_016_019~82fcfce3de96089ace3899617349853dc016446a61edb4aad1b7a315a6e47793,greek,edition_complete,source,clause,MRK,MRK 16:19,MRK 16:19,"[""mark_longer_ending""]",1
P_GNT_EDITION_COMPLETE_SOURCE_CLAUSE_MRK_016_019~7ffa196b683b8095aa4b1281c44f63f1ca92d187e0762abc7661ca9eb833f36a,greek,edition_complete,source,clause,MRK,MRK 16:19,MRK 16:19,"[""mark_longer_ending""]",1
P_GNT_EDITION_COMPLETE_SOURCE_CLAUSE_MRK_016_019~0e7534738bdefbbca2c2e31e396f839a92b1afc96b401b8623f9ba52c7242a3d,greek,edition_complete,source,clause,MRK,MRK 16:19,MRK 16:19,"[""mark_longer_ending""]",2
P_GNT_EDITION_COMPLETE_SOURCE_CLAUSE_MRK_016_019~fb748b14f4ab24ae4ba2f50294c857a814f78575402c71894851c60bc176dcd7,greek,edition_complete,source,clause,MRK,MRK 16:19,MRK 16:19,"[""mark_longer_ending""]",1
P_GNT_EDITION_COMPLETE_SOURCE_CLAUSE_MRK_016_019~9cf19ea35de2021ed9c7cd538a56c63723d1859d043a41c9ccfca9ab9961c1a6,greek,edition_complete,source,clause,MRK,MRK 16:19,MRK 16:19,"[""mark_longer_ending""]",5
P_GNT_EDITION_COMPLETE_SOURCE_CLAUSE_MRK_016_020~a34831f2be0efafc241aafb7bc3bc5bf600d709e8f36674a663290cd3156a53f,greek,edition_complete,source,clause,MRK,MRK 16:20,MRK 16:20,"[""mark_longer_ending""]",3
P_GNT_EDITION_COMPLETE_SOURCE_CLAUSE_MRK_016_020~77d085c0480b1386570b18a07d25fe7ac841bc3efd607f6612694e142eb5aaad,greek,edition_complete,source,clause,MRK,MRK 16:20,MRK 16:20,"[""mark_longer_ending""]",1
P_GNT_EDITION_COMPLETE_SOURCE_CLAUSE_MRK_016_020~a9020f9075348ba168a60d14b26a70699ad3e665eddd65dd423517ebc2ce5f44,greek,edition_complete,source,clause,MRK,MRK 16:20,MRK 16:20,"[""mark_longer_ending""]",1
P_GNT_EDITION_COMPLETE_SOURCE_CLAUSE_MRK_016_020~9a7c5a18d527520405fbb6fac745d6b6ee673e8a3717446983a8d87570e68ccd,greek,edition_complete,source,clause,MRK,MRK 16:20,MRK 16:20,"[""mark_longer_ending""]",3
P_GNT_EDITION_COMPLETE_SOURCE_CLAUSE_MRK_016_020~9eb1c84d6d4b26796a729ac32a2055e9d7e3cfac363b0085c8ca297ec95c9e45,greek,edition_complete,source,clause,MRK,MRK 16:20,MRK 16:20,"[""mark_longer_ending""]",1
P_GNT_EDITION_COMPLETE_SOURCE_CLAUSE_MRK_016_020~2d2ca594bfc8ff87f44262aba82456f22b71fe22d5fa553edf69ed22cd7a6451,greek,edition_complete,source,clause,MRK,MRK 16:20,MRK 16:20,"[""mark_longer_ending""]",6
P_GNT_EDITION_COMPLETE_SOURCE_CLAUSE_MRK_016_020~ae28aa99629f5014df0732930a40a1c94e48a78ddd0d7af062858963c9bd9aa4,greek,edition_complete,source,clause,MRK,MRK 16:20,MRK 16:20,"[""mark_longer_ending""]",1
P_GNT_EDITION_COMPLETE_SOURCE_CLAUSE_MRK_016_099~6471f3d19da2d84785d847842a07a51675b41d4d876a02885590c663a5f51953,greek,edition_complete,source,clause,MRK,MRK 16:99,MRK 16:99,"[""mark_alternate_ending""]",8
P_GNT_EDITION_COMPLETE_SOURCE_CLAUSE_MRK_016_099~ef1df69762e406bf10fcadc59b3ff9f4e733c50fb3021dae6f76d73cf0acfd23,greek,edition_complete,source,clause,MRK,MRK 16:99,MRK 16:99,"[""mark_alternate_ending""]",1
P_GNT_EDITION_COMPLETE_SOURCE_CLAUSE_MRK_016_099~6e337df354c7a69608d26aed0bbc2cff9b98355c22bf54ef23f72ab84b041e81,greek,edition_complete,source,clause,MRK,MRK 16:99,MRK 16:99,"[""mark_alternate_ending""]",1
P_GNT_EDITION_COMPLETE_SOURCE_CLAUSE_MRK_016_099~e57cba8246cfea6f5814892f18172d6e521348d7e2956200484d39ca15203876,greek,edition_complete,source,clause,MRK,MRK 16:99,MRK 16:99,"[""mark_alternate_ending""]",22
P_GNT_EDITION_COMPLETE_SOURCE_CLAUSE_MRK_016_099~7cc8ce7d6f1c49d6d0060991173520976aa1d6a275509eff0fb6eb3dfb91a101,greek,edition_complete,source,clause,MRK,MRK 16:99,MRK 16:99,"[""mark_alternate_ending""]",1
P_GNT_EDITION_COMPLETE_SOURCE_CLAUSE_JHN_007_053~b3d951fd608245a10f1a37910c0e7bd06b00fdb0a26bf333125d71b606255cec,greek,edition_complete,source,clause,JHN,JHN 7:53,JHN 7:53,"[""pericope_adulterae""]",1
P_GNT_EDITION_COMPLETE_SOURCE_CLAUSE_JHN_007_053~0ec88c2f46c75c2c7f7d739edf646dc0c179e9d93935007d7109dab3921ab06c,greek,edition_complete,source,clause,JHN,JHN 7:53,JHN 7:53,"[""pericope_adulterae""]",6
P_GNT_EDITION_COMPLETE_SOURCE_CLAUSE_JHN_008_001~938b275d04fa5a018ae79c9027216229800958280b3e089c9604a540f33217a3,greek,edition_complete,source,clause,JHN,JHN 8:1,JHN 8:1,"[""pericope_adulterae""]",7
P_GNT_EDITION_COMPLETE_SOURCE_CLAUSE_JHN_008_001~e9f5b1671d2881821ab84fb43d23afc4a4a932864d6c4660100bae70f8beeef4,greek,edition_complete,source,clause,JHN,JHN 8:1,JHN 8:1,"[""pericope_adulterae""]",1
P_GNT_EDITION_COMPLETE_SOURCE_CLAUSE_JHN_008_002~0b578c9f4e4cd7197802d3df5dcec89ef1bea0bd10275f5b6fcf248d8b23726e,greek,edition_complete,source,clause,JHN,JHN 8:2,JHN 8:2,"[""pericope_adulterae""]",6
P_GNT_EDITION_COMPLETE_SOURCE_CLAUSE_JHN_008_002~4a320bacec13d863bdd9e0db8e8a79d820d855bd39fe6054586d38b58fcf099b,greek,edition_complete,source,clause,JHN,JHN 8:2,JHN 8:2,"[""pericope_adulterae""]",1
P_GNT_EDITION_COMPLETE_SOURCE_CLAUSE_JHN_008_002~d46ddf94ce356d37fb0ae09561ca3fd7634bf7f3ea974993264d741171fb1074,greek,edition_complete,source,clause,JHN,JHN 8:2,JHN 8:2,"[""pericope_adulterae""]",2
P_GNT_EDITION_COMPLETE_SOURCE_CLAUSE_JHN_008_002~02ad41d105418bcc4b7b6b4465549ccb6e89810bf5e58136bdf066d3ff909f62,greek,edition_complete,source,clause,JHN,JHN 8:2,JHN 8:2,"[""pericope_adulterae""]",6
P_GNT_EDITION_COMPLETE_SOURCE_CLAUSE_JHN_008_002~63836e29d188782882f0cd304effb8a5cc1fac34f025695f1657ca538c238980,greek,edition_complete,source,clause,JHN,JHN 8:2,JHN 8:2,"[""pericope_adulterae""]",1
P_GNT_EDITION_COMPLETE_SOURCE_CLAUSE_JHN_008_002~4f374d29716c36ef1803825c94e7056225e57f7c8cbc5ed98a46f9306d866f64,greek,edition_complete,source,clause,JHN,JHN 8:2,JHN 8:2,"[""pericope_adulterae""]",2
P_GNT_EDITION_COMPLETE_SOURCE_CLAUSE_JHN_008_003~be9c5c90e75b1139e92eb54029ffc636141239b49cf1b303e41dd7d2277c439c,greek,edition_complete,source,clause,JHN,JHN 8:3,JHN 8:3,"[""pericope_adulterae""]",9
P_GNT_EDITION_COMPLETE_SOURCE_CLAUSE_JHN_008_003~b958e309b823e22e9ae9620f893f002324a14540b1283ca937d2e0f712e2998e,greek,edition_complete,source,clause,JHN,JHN 8:3,JHN 8:3,"[""pericope_adulterae""]",1
P_GNT_EDITION_COMPLETE_SOURCE_CLAUSE_JHN_008_003~a76ae912025f1a496b8dce2ad4c7bd5568d64365ad96af89c394c1c4bdf569b3,greek,edition_complete,source,clause,JHN,JHN 8:3,JHN 8:3,"[""pericope_adulterae""]",3
P_GNT_EDITION_COMPLETE_SOURCE_CLAUSE_JHN_008_003~097ef414943634ad36691858fe0cec22bf6aefc6c71929f2316e385e2f7a4888,greek,edition_complete,source,clause,JHN,JHN 8:3,JHN 8:3,"[""pericope_adulterae""]",1
P_GNT_EDITION_COMPLETE_SOURCE_CLAUSE_JHN_008_003~14454aea96cf24425e8ef9fcde58292eeceb0e241a6c153d74d3ae9590f693d8,greek,edition_complete,source,clause,JHN,JHN 8:3,JHN 8:3,"[""pericope_adulterae""]",4
P_GNT_EDITION_COMPLETE_SOURCE_CLAUSE_JHN_008_004~d06e70ba52adfa9871a96033688a943899983dfe0db9fe7e0f760fb35445a3c6,greek,edition_complete,source,clause,JHN,JHN 8:4,JHN 8:4,"[""pericope_adulterae""]",2
P_GNT_EDITION_COMPLETE_SOURCE_CLAUSE_JHN_008_004~405c747970805205adb781a19030c68fdeb707baceff6b3c89b0b63191dd90e1,greek,edition_complete,source,clause,JHN,JHN 8:4,JHN 8:4,"[""pericope_adulterae""]",1
P_GNT_EDITION_COMPLETE_SOURCE_CLAUSE_JHN_008_004~a57166cb6890474eea103bac93eadfa58b55ff279afe6aff386c52c86aeeecaa,greek,edition_complete,source,clause,JHN,JHN 8:4,JHN 8:4,"[""pericope_adulterae""]",5
P_GNT_EDITION_COMPLETE_SOURCE_CLAUSE_JHN_008_004~bc55a461a9e11d1efd6b2d966df9c173191e603bd4eb95b60de251b89278882a,greek,edition_complete,source,clause,JHN,JHN 8:4,JHN 8:4,"[""pericope_adulterae""]",1
P_GNT_EDITION_COMPLETE_SOURCE_CLAUSE_JHN_008_005~ec386c6da5b14950d4446b7df1eed0b258e96133f1d47fcd41dc0c66f35032af,greek,edition_complete,source,clause,JHN,JHN 8:5,JHN 8:5,"[""pericope_adulterae""]",6
P_GNT_EDITION_COMPLETE_SOURCE_CLAUSE_JHN_008_005~63c42087cb1553373d642a767df238fbae2f70516131ca6d5234c5a973528bdd,greek,edition_complete,source,clause,JHN,JHN 8:5,JHN 8:5,"[""pericope_adulterae""]",1
P_GNT_EDITION_COMPLETE_SOURCE_CLAUSE_JHN_008_005~453779af565b17916297f678f222f7907facc49cd2c50452c3aa61a4f73faca1,greek,edition_complete,source,clause,JHN,JHN 8:5,JHN 8:5,"[""pericope_adulterae""]",3
P_GNT_EDITION_COMPLETE_SOURCE_CLAUSE_JHN_008_005~ddb593fa59f3684fcd6f510e0d1654c69a793ff288b4504c55d4be8d3f1a2af1,greek,edition_complete,source,clause,JHN,JHN 8:5,JHN 8:5,"[""pericope_adulterae""]",3
P_GNT_EDITION_COMPLETE_SOURCE_CLAUSE_JHN_008_005~ee8fe53f390f854fba64c95a705bf9542fdf44fb44ec79b27e78bcb37e4e7043,greek,edition_complete,source,clause,JHN,JHN 8:5,JHN 8:5,"[""pericope_adulterae""]",1
P_GNT_EDITION_COMPLETE_SOURCE_CLAUSE_JHN_008_006~8806815bc4ea64ebdfe5de482902ad508c7af98a93071476e043eb5feb6e5455,greek,edition_complete,source,clause,JHN,JHN 8:6,JHN 8:6,"[""pericope_adulterae""]",2
P_GNT_EDITION_COMPLETE_SOURCE_CLAUSE_JHN_008_006~1e4025893a4c262cc7e3ccd45e61f8019e6255b699cef4326bbd0e10d8902507,greek,edition_complete,source,clause,JHN,JHN 8:6,JHN 8:6,"[""pericope_adulterae""]",1
P_GNT_EDITION_COMPLETE_SOURCE_CLAUSE_JHN_008_006~2cd6be4c2ad83416fb256d0a3fd31f9b4049795fe55be990cc56230364a3b778,greek,edition_complete,source,clause,JHN,JHN 8:6,JHN 8:6,"[""pericope_adulterae""]",2
P_GNT_EDITION_COMPLETE_SOURCE_CLAUSE_JHN_008_006~295569620f22d662f6235acee763a5038249c783df753cc23d23212bc06feb2f,greek,edition_complete,source,clause,JHN,JHN 8:6,JHN 8:6,"[""pericope_adulterae""]",1
P_GNT_EDITION_COMPLETE_SOURCE_CLAUSE_JHN_008_006~8f38dffebaf84717e36964320cb15811c164a1757c0aa45d36ab588484c042a8,greek,edition_complete,source,clause,JHN,JHN 8:6,JHN 8:6,"[""pericope_adulterae""]",1
P_GNT_EDITION_COMPLETE_SOURCE_CLAUSE_JHN_008_006~9ef4b8112593808d5c7339ae88eba4db9dff6bd55b1c2928fd157e4c04ad4f1c,greek,edition_complete,source,clause,JHN,JHN 8:6,JHN 8:6,"[""pericope_adulterae""]",2
P_GNT_EDITION_COMPLETE_SOURCE_CLAUSE_JHN_008_006~20cb8d4ae8b07c12ab0b6f9faff6da90603fe935b17a217df9f59429c3cec2c8,greek,edition_complete,source,clause,JHN,JHN 8:6,JHN 8:6,"[""pericope_adulterae""]",8
P_GNT_EDITION_COMPLETE_SOURCE_CLAUSE_JHN_008_006~82e05bf70e705b0b6c723cf3102dedee9ab9a93e4bb325febb60d6b77fc7b93d,greek,edition_complete,source,clause,JHN,JHN 8:6,JHN 8:6,"[""pericope_adulterae""]",1
P_GNT_EDITION_COMPLETE_SOURCE_CLAUSE_JHN_008_006~0dea0213eabff2ed766aafe95ed961b6b74e703bc8f81dc20d1428797170c97d,greek,edition_complete,source,clause,JHN,JHN 8:6,JHN 8:6,"[""pericope_adulterae""]",2
P_GNT_EDITION_COMPLETE_SOURCE_CLAUSE_JHN_008_007~0c3f1a8edf16f84231b34b0868a50ab34c742454575ca57ea7fb23ac0cfd3156,greek,edition_complete,source,clause,JHN,JHN 8:7,JHN 8:7,"[""pericope_adulterae""]",1
P_GNT_EDITION_COMPLETE_SOURCE_CLAUSE_JHN_008_007~a352e2586338e5d4446b1a5972e0afbe2f127785b956ccee2a0b57a8fb12ccb0,greek,edition_complete,source,clause,JHN,JHN 8:7,JHN 8:7,"[""pericope_adulterae""]",1
P_GNT_EDITION_COMPLETE_SOURCE_CLAUSE_JHN_008_007~37f675f796153f363eb247bbb291ffd5c3604e72d17e1412d242fa5fe7380631,greek,edition_complete,source,clause,JHN,JHN 8:7,JHN 8:7,"[""pericope_adulterae""]",1
P_GNT_EDITION_COMPLETE_SOURCE_CLAUSE_JHN_008_007~938aaedb9654cf56d630922869c4dbe7a00f07e9aa41ec88f35d40388d5a150b,greek,edition_complete,source,clause,JHN,JHN 8:7,JHN 8:7,"[""pericope_adulterae""]",2
P_GNT_EDITION_COMPLETE_SOURCE_CLAUSE_JHN_008_007~188c13c838d3093296039b88966173944773871603486e41f09a9fcdd46919a7,greek,edition_complete,source,clause,JHN,JHN 8:7,JHN 8:7,"[""pericope_adulterae""]",1
P_GNT_EDITION_COMPLETE_SOURCE_CLAUSE_JHN_008_007~bce40d7283543668ccaf153be45e9a8102e5faeaaee2163d01917efb8bb94ea1,greek,edition_complete,source,clause,JHN,JHN 8:7,JHN 8:7,"[""pericope_adulterae""]",3
P_GNT_EDITION_COMPLETE_SOURCE_CLAUSE_JHN_008_007~27c57a71b8300362153f609e4ffcd651e76afd36754dd396c5541c0c3f0a9cc0,greek,edition_complete,source,clause,JHN,JHN 8:7,JHN 8:7,"[""pericope_adulterae""]",9
P_GNT_EDITION_COMPLETE_SOURCE_CLAUSE_JHN_008_008~cb2e662204613e6e9c24bb765f1686202f76920cbb17440f39cc3ebfaf4ae4c5,greek,edition_complete,source,clause,JHN,JHN 8:8,JHN 8:8,"[""pericope_adulterae""]",1
P_GNT_EDITION_COMPLETE_SOURCE_CLAUSE_JHN_008_008~375c5c210477be150df0cfd0238f9256b7347851ff7ae7aaa2d22fdda8dec8f4,greek,edition_complete,source,clause,JHN,JHN 8:8,JHN 8:8,"[""pericope_adulterae""]",3
P_GNT_EDITION_COMPLETE_SOURCE_CLAUSE_JHN_008_008~bb5f186109756985196ceeb50ca5468196907920c54919851a31674e23e1d278,greek,edition_complete,source,clause,JHN,JHN 8:8,JHN 8:8,"[""pericope_adulterae""]",4
P_GNT_EDITION_COMPLETE_SOURCE_CLAUSE_JHN_008_009~24195cdb355d4eed4e0e9ec7cae3af5428d3d7ccc3e26f8515c7e84dd472edff,greek,edition_complete,source,clause,JHN,JHN 8:9,JHN 8:9,"[""pericope_adulterae""]",4
P_GNT_EDITION_COMPLETE_SOURCE_CLAUSE_JHN_008_009~515f90abb778a741acdbe87af895b2f5bc26ed86a9cb0473a8e579f11f2b682d,greek,edition_complete,source,clause,JHN,JHN 8:9,JHN 8:9,"[""pericope_adulterae""]",1
P_GNT_EDITION_COMPLETE_SOURCE_CLAUSE_JHN_008_009~d22d24c148e56b53b26d936133308fd40c0452af8fd9fe5a5da3cb8c299b9570,greek,edition_complete,source,clause,JHN,JHN 8:9,JHN 8:9,"[""pericope_adulterae""]",1
P_GNT_EDITION_COMPLETE_SOURCE_CLAUSE_JHN_008_009~44f93645315ec4579bbede486e8d72249e64c846e8ce684ef9213f7f90f39b3a,greek,edition_complete,source,clause,JHN,JHN 8:9,JHN 8:9,"[""pericope_adulterae""]",1
P_GNT_EDITION_COMPLETE_SOURCE_CLAUSE_JHN_008_009~e370aa391413a87f6a8e720ff7f52eb8b31fbc6baf800d677a5d01e110a2f52d,greek,edition_complete,source,clause,JHN,JHN 8:9,JHN 8:9,"[""pericope_adulterae""]",4
P_GNT_EDITION_COMPLETE_SOURCE_CLAUSE_JHN_008_009~4d7ce9ed37651f00f9bd52c3f718f33d7fbf77ce6178de14a2d2a16c1e4fb3c3,greek,edition_complete,source,clause,JHN,JHN 8:9,JHN 8:9,"[""pericope_adulterae""]",7
P_GNT_EDITION_COMPLETE_SOURCE_CLAUSE_JHN_008_009~2b501286cf35df436c364c91b63536918f8c54578118af3e5c63e3c7a5e4f868,greek,edition_complete,source,clause,JHN,JHN 8:9,JHN 8:9,"[""pericope_adulterae""]",1
P_GNT_EDITION_COMPLETE_SOURCE_CLAUSE_JHN_008_009~3c2878f8476af3e868ec26b460823926d0b4277e109fdf197e57068b22a6a2fb,greek,edition_complete,source,clause,JHN,JHN 8:9,JHN 8:9,"[""pericope_adulterae""]",4
P_GNT_EDITION_COMPLETE_SOURCE_CLAUSE_JHN_008_009~c34329bf765476f7964b8d9d4019bbeb378f287f964d23f2a61b6a08a6436951,greek,edition_complete,source,clause,JHN,JHN 8:9,JHN 8:9,"[""pericope_adulterae""]",1
P_GNT_EDITION_COMPLETE_SOURCE_CLAUSE_JHN_008_009~18428da274fc35b54e39dabc70fcdb6e5edc40ae659d6d3e84947b95b95c7b0c,greek,edition_complete,source,clause,JHN,JHN 8:9,JHN 8:9,"[""pericope_adulterae""]",5
P_GNT_EDITION_COMPLETE_SOURCE_CLAUSE_JHN_008_010~c7b7a539e75bcdcd3fe41c0e701af6c2c0d6e444fe0179ea7dd67a02269ed745,greek,edition_complete,source,clause,JHN,JHN 8:10,JHN 8:10,"[""pericope_adulterae""]",1
P_GNT_EDITION_COMPLETE_SOURCE_CLAUSE_JHN_008_010~a635b38cc865173fd68ecd4b389d448550131ef22ac1f7c1ce8db9944d446f3e,greek,edition_complete,source,clause,JHN,JHN 8:10,JHN 8:10,"[""pericope_adulterae""]",1
P_GNT_EDITION_COMPLETE_SOURCE_CLAUSE_JHN_008_010~7adad98b135edc26cc7b5ffe296c4a42daf13be6cab515281abd0ac4d4caffc8,greek,edition_complete,source,clause,JHN,JHN 8:10,JHN 8:10,"[""pericope_adulterae""]",4
P_GNT_EDITION_COMPLETE_SOURCE_CLAUSE_JHN_008_010~4c94277d758d19883a88fe87e7910afb8aacb3f791c5dd4695dcd4c5144d9656,greek,edition_complete,source,clause,JHN,JHN 8:10,JHN 8:10,"[""pericope_adulterae""]",1
P_GNT_EDITION_COMPLETE_SOURCE_CLAUSE_JHN_008_010~4b8a550b634f9e537a07475c9ec13359319148e49ca843fbf79a1cc6d7e142b3,greek,edition_complete,source,clause,JHN,JHN 8:10,JHN 8:10,"[""pericope_adulterae""]",5
P_GNT_EDITION_COMPLETE_SOURCE_CLAUSE_JHN_008_010~70087c147dce49251a0c95cb177b95bf1107e8a5293e5adc0a177689503239ba,greek,edition_complete,source,clause,JHN,JHN 8:10,JHN 8:10,"[""pericope_adulterae""]",2
P_GNT_EDITION_COMPLETE_SOURCE_CLAUSE_JHN_008_010~c23a6ee6ffd064082e32da0630401d9b3525360839967619b2f4879a7165e986,greek,edition_complete,source,clause,JHN,JHN 8:10,JHN 8:10,"[""pericope_adulterae""]",6
P_GNT_EDITION_COMPLETE_SOURCE_CLAUSE_JHN_008_010~95b028ac575ed093964859501c8c305abead39b8dd829d924a0222b268a37564,greek,edition_complete,source,clause,JHN,JHN 8:10,JHN 8:10,"[""pericope_adulterae""]",3
P_GNT_EDITION_COMPLETE_SOURCE_CLAUSE_JHN_008_011~2c36894dfd0191aab4b0df11ce735dcc7b2bcbcbf80869846edf345964c36439,greek,edition_complete,source,clause,JHN,JHN 8:11,JHN 8:11,"[""pericope_adulterae""]",2
P_GNT_EDITION_COMPLETE_SOURCE_CLAUSE_JHN_008_011~8748bc1d9c6541b74c5a93fd97d8141ae1a38b193a5ca3feed2bfee771a46d59,greek,edition_complete,source,clause,JHN,JHN 8:11,JHN 8:11,"[""pericope_adulterae""]",1
P_GNT_EDITION_COMPLETE_SOURCE_CLAUSE_JHN_008_011~faff8c4cca621080eeee339eeb1eb081267b1509d9b0b1d23d66f7ac3032b981,greek,edition_complete,source,clause,JHN,JHN 8:11,JHN 8:11,"[""pericope_adulterae""]",1
P_GNT_EDITION_COMPLETE_SOURCE_CLAUSE_JHN_008_011~51936a9d5acbd7d7e706035745b94a7b11df54fc8d5039e3edc1ce540136e810,greek,edition_complete,source,clause,JHN,JHN 8:11,JHN 8:11,"[""pericope_adulterae""]",1
P_GNT_EDITION_COMPLETE_SOURCE_CLAUSE_JHN_008_011~8ba6476fb8c559eb3de7cdd7126419d5cb55fe626cb1327cc2b112f667a88d20,greek,edition_complete,source,clause,JHN,JHN 8:11,JHN 8:11,"[""pericope_adulterae""]",4
P_GNT_EDITION_COMPLETE_SOURCE_CLAUSE_JHN_008_011~ce299a67d7812138e0167e1b37007f6214e0af25b22cd8b7de83f82c6eeb5def,greek,edition_complete,source,clause,JHN,JHN 8:11,JHN 8:11,"[""pericope_adulterae""]",1
P_GNT_EDITION_COMPLETE_SOURCE_CLAUSE_JHN_008_011~84f6afc3a4d3f997787736c8b09f458d00f7a2e291b04c2d9410c7febe9b7589,greek,edition_complete,source,clause,JHN,JHN 8:11,JHN 8:11,"[""pericope_adulterae""]",4
P_GNT_EDITION_COMPLETE_SOURCE_CLAUSE_JHN_008_011~11f5f4904ab2c7d039a1a3727e2b2b7108f9a02fb6398c83eb1a2e3963e022a9,greek,edition_complete,source,clause,JHN,JHN 8:11,JHN 8:11,"[""pericope_adulterae""]",1
P_GNT_EDITION_COMPLETE_SOURCE_CLAUSE_JHN_008_011~75e6441c944ba57f55332b70f1f3193451b8f6f805e4da01870131a1373f62ff,greek,edition_complete,source,clause,JHN,JHN 8:11,JHN 8:11,"[""pericope_adulterae""]",1
P_GNT_EDITION_COMPLETE_SOURCE_CLAUSE_JHN_008_011~760820b6995e24578560744ae14db65c576472ec4d4712a707293d2dc23828f2,greek,edition_complete,source,clause,JHN,JHN 8:11,JHN 8:11,"[""pericope_adulterae""]",2
P_GNT_EDITION_COMPLETE_SOURCE_FIVE_VERSE_MRK_016_005_MRK_016_009~7670442110146ed433d3f6860c91d55c2c830b3357b9016bd23dc00eea0607bc,greek,edition_complete,source,five_verse,MRK,MRK 16:5,MRK 16:9,"[""mark_longer_ending""]",92
P_GNT_EDITION_COMPLETE_SOURCE_FIVE_VERSE_MRK_016_006_MRK_016_010~e4c2d5755194f1ed4502385d8a815aa89db2f96bf7a31f6b8e699bd510926222,greek,edition_complete,source,five_verse,MRK,MRK 16:6,MRK 16:10,"[""mark_longer_ending""]",86
P_GNT_EDITION_COMPLETE_SOURCE_FIVE_VERSE_MRK_016_007_MRK_016_011~9be6d18dae6d8c644d833a5b75550c7fe6a74f949af306715813bb940cd2da57,greek,edition_complete,source,five_verse,MRK,MRK 16:7,MRK 16:11,"[""mark_longer_ending""]",73
P_GNT_EDITION_COMPLETE_SOURCE_FIVE_VERSE_MRK_016_008_MRK_016_012~b5f26659e84fb5aa049bbad50cafab6a7cb522609682246b5b0d5f6f89deedd6,greek,edition_complete,source,five_verse,MRK,MRK 16:8,MRK 16:12,"[""mark_longer_ending""]",66
P_GNT_EDITION_COMPLETE_SOURCE_FIVE_VERSE_MRK_016_009_MRK_016_013~8ccf2d6cbf90a6b8126c0a0e8266593c3d908c472a50d25d5a92bae356c69577,greek,edition_complete,source,five_verse,MRK,MRK 16:9,MRK 16:13,"[""mark_longer_ending""]",56
P_GNT_EDITION_COMPLETE_SOURCE_FIVE_VERSE_MRK_016_010_MRK_016_014~69c63c7f6428b3f23dab33f7e6c324b561ae49749e4ae4e5d05f6735b32ca083,greek,edition_complete,source,five_verse,MRK,MRK 16:10,MRK 16:14,"[""mark_longer_ending""]",62
P_GNT_EDITION_COMPLETE_SOURCE_FIVE_VERSE_MRK_016_011_MRK_016_015~5da2243ddbca3260dfd367d2cc48f3420be67e444664ac6a68a00f96fc7adfd2,greek,edition_complete,source,five_verse,MRK,MRK 16:11,MRK 16:15,"[""mark_longer_ending""]",66
P_GNT_EDITION_COMPLETE_SOURCE_FIVE_VERSE_MRK_016_012_MRK_016_016~76bfe0f4737ac7e3e34649719f92f3b3a441e56773aebea38f4c64f122da1e93,greek,edition_complete,source,five_verse,MRK,MRK 16:12,MRK 16:16,"[""mark_longer_ending""]",66
P_GNT_EDITION_COMPLETE_SOURCE_FIVE_VERSE_MRK_016_013_MRK_016_017~e35cc30b1fa6349206286d90423f9074106ea7aa5bf04fcb0f8ac9b6a4572bf1,greek,edition_complete,source,five_verse,MRK,MRK 16:13,MRK 16:17,"[""mark_longer_ending""]",67
P_GNT_EDITION_COMPLETE_SOURCE_FIVE_VERSE_MRK_016_014_MRK_016_018~29b904742427e9bd526088832d03791dbd3534371d6262f522dc066ba7bff53d,greek,edition_complete,source,five_verse,MRK,MRK 16:14,MRK 16:18,"[""mark_longer_ending""]",76
P_GNT_EDITION_COMPLETE_SOURCE_FIVE_VERSE_MRK_016_015_MRK_016_019~c601937ca80c6610f107e03c8d6db43683f926a62ad43271b837ff19281238f3,greek,edition_complete,source,five_verse,MRK,MRK 16:15,MRK 16:19,"[""mark_longer_ending""]",74
P_GNT_EDITION_COMPLETE_SOURCE_FIVE_VERSE_MRK_016_016_MRK_016_020~a14c5d242e658ca87c2b68d01d2b857e0102eef3f4a2270bb89ab041072f00d9,greek,edition_complete,source,five_verse,MRK,MRK 16:16,MRK 16:20,"[""mark_longer_ending""]",76
P_GNT_EDITION_COMPLETE_SOURCE_FIVE_VERSE_JHN_007_049_JHN_007_053~6f3588fb0c79b8e09316e7449260413b9953c017084436cc1c293e0c489c3694,greek,edition_complete,source,five_verse,JHN,JHN 7:49,JHN 7:53,"[""pericope_adulterae""]",69
P_GNT_EDITION_COMPLETE_SOURCE_FIVE_VERSE_JHN_007_050_JHN_008_001~d468330c9fe85b3805de815695bcbc9db3f2c901c9530876f0dad2a8ae5bc378,greek,edition_complete,source,five_verse,JHN,JHN 7:50,JHN 8:1,"[""pericope_adulterae""]",66
P_GNT_EDITION_COMPLETE_SOURCE_FIVE_VERSE_JHN_007_051_JHN_008_002~7b5c706562a887ee5388e0c4c29a19891673269f59b5c8ba62ad4e1a28f65ec7,greek,edition_complete,source,five_verse,JHN,JHN 7:51,JHN 8:2,"[""pericope_adulterae""]",71
P_GNT_EDITION_COMPLETE_SOURCE_FIVE_VERSE_JHN_007_052_JHN_008_003~4b034c8b703dc01492f0964d8c63d04a608b9e39e777a7b5ac0c4c3da247bdd5,greek,edition_complete,source,five_verse,JHN,JHN 7:52,JHN 8:3,"[""pericope_adulterae""]",72
P_GNT_EDITION_COMPLETE_SOURCE_FIVE_VERSE_JHN_007_053_JHN_008_004~6504639a139d9447863bf83dc3dea21c77d33a5f46112fb2159843aac7bfd6d7,greek,edition_complete,source,five_verse,JHN,JHN 7:53,JHN 8:4,"[""pericope_adulterae""]",60
P_GNT_EDITION_COMPLETE_SOURCE_FIVE_VERSE_JHN_008_001_JHN_008_005~fbf5fb16f6d204cb4783201ca47b16e40424567d694a989d27af3da8b1f38d8f,greek,edition_complete,source,five_verse,JHN,JHN 8:1,JHN 8:5,"[""pericope_adulterae""]",67
P_GNT_EDITION_COMPLETE_SOURCE_FIVE_VERSE_JHN_008_002_JHN_008_006~5bc7e768746923a80a41310c1bc259be44fa1582994a4bd805e3bac721d61158,greek,edition_complete,source,five_verse,JHN,JHN 8:2,JHN 8:6,"[""pericope_adulterae""]",79
P_GNT_EDITION_COMPLETE_SOURCE_FIVE_VERSE_JHN_008_003_JHN_008_007~86eb20884e58eab25f19c736c8fd73e35aadaed12f751aec1344afe52d8652cd,greek,edition_complete,source,five_verse,JHN,JHN 8:3,JHN 8:7,"[""pericope_adulterae""]",79
P_GNT_EDITION_COMPLETE_SOURCE_FIVE_VERSE_JHN_008_004_JHN_008_008~bd9661fc83b02a45f6fa24a890e7a9f0ce2a9be4e1a0f4a9c8ba3ecad71f4c5e,greek,edition_complete,source,five_verse,JHN,JHN 8:4,JHN 8:8,"[""pericope_adulterae""]",69
P_GNT_EDITION_COMPLETE_SOURCE_FIVE_VERSE_JHN_008_005_JHN_008_009~e243eb34d474facb92bff99166df99e4f75a7b70a8acac2cc74ccd6db09bbff4,greek,edition_complete,source,five_verse,JHN,JHN 8:5,JHN 8:9,"[""pericope_adulterae""]",89
P_GNT_EDITION_COMPLETE_SOURCE_FIVE_VERSE_JHN_008_006_JHN_008_010~58d684cc17c95d860051fcfb1182c2cac3dfc3a1c8e79561d88eb09e60196b28,greek,edition_complete,source,five_verse,JHN,JHN 8:6,JHN 8:10,"[""pericope_adulterae""]",98
P_GNT_EDITION_COMPLETE_SOURCE_FIVE_VERSE_JHN_008_007_JHN_008_011~598028acd3aa04ef37991bdc9d0cd48b7bc67f78cddb039d45b9e7771b861fa5,greek,edition_complete,source,five_verse,JHN,JHN 8:7,JHN 8:11,"[""pericope_adulterae""]",96
P_GNT_EDITION_COMPLETE_SOURCE_FIVE_VERSE_JHN_008_008_JHN_008_012~0e1e8eeefd8832bf9fb6a9a8854aac7e00248085ebc745ba349da25fae1a18fc,greek,edition_complete,source,five_verse,JHN,JHN 8:8,JHN 8:12,"[""pericope_adulterae""]",106
P_GNT_EDITION_COMPLETE_SOURCE_FIVE_VERSE_JHN_008_009_JHN_008_013~5ca54583fac1b24af3765c4c1906dae27609c2b45bc9ce4f7f915442e433d9f5,greek,edition_complete,source,five_verse,JHN,JHN 8:9,JHN 8:13,"[""pericope_adulterae""]",113
P_GNT_EDITION_COMPLETE_SOURCE_FIVE_VERSE_JHN_008_010_JHN_008_014~050f838c1555a8ee82bb427693ff57c2104d67945cb63cbf8607d05c98d0bd8a,greek,edition_complete,source,five_verse,JHN,JHN 8:10,JHN 8:14,"[""pericope_adulterae""]",115
P_GNT_EDITION_COMPLETE_SOURCE_FIVE_VERSE_JHN_008_011_JHN_008_015~8ab6aba8b49b742e4cead5af710ed8591dfdb9af6a91ad568f20852cf30547f0,greek,edition_complete,source,five_verse,JHN,JHN 8:11,JHN 8:15,"[""pericope_adulterae""]",101
P_GNT_EDITION_COMPLETE_SOURCE_SENTENCE_MRK_016_009~80d24b5e838c02e6ac4c6e129469e210b7d514e2db6e5c89b6a8a862a931b41c,greek,edition_complete,source,sentence,MRK,MRK 16:9,MRK 16:9,"[""mark_longer_ending""]",15
P_GNT_EDITION_COMPLETE_SOURCE_SENTENCE_MRK_016_010~0440386d004b42c9fafbb50d1b7c0c3464ffe988d9d9258ca025643a9b286bb6,greek,edition_complete,source,sentence,MRK,MRK 16:10,MRK 16:10,"[""mark_longer_ending""]",10
P_GNT_EDITION_COMPLETE_SOURCE_SENTENCE_MRK_016_011~9ebe6c00a67219539c129ef4c4d80d6abb8709e6ed743c22b42a075f0fdddcad,greek,edition_complete,source,sentence,MRK,MRK 16:11,MRK 16:11,"[""mark_longer_ending""]",9
P_GNT_EDITION_COMPLETE_SOURCE_SENTENCE_MRK_016_012~9a5205e0d8fc7c97a252e54eb33bcc2e2a5f70b33e34398f8389af10327cbcb8,greek,edition_complete,source,sentence,MRK,MRK 16:12,MRK 16:12,"[""mark_longer_ending""]",14
P_GNT_EDITION_COMPLETE_SOURCE_SENTENCE_MRK_016_013~ff3a4838bcc27e4b53a79d32de22097a042fd9d5c0376e4bb5176e9e59e27da5,greek,edition_complete,source,sentence,MRK,MRK 16:13,MRK 16:13,"[""mark_longer_ending""]",8
P_GNT_EDITION_COMPLETE_SOURCE_SENTENCE_MRK_016_014~706820bc12140113cc30810147aeb24ee26aa705744a1d8b5bcf727e5e2a4cfa,greek,edition_complete,source,sentence,MRK,MRK 16:14,MRK 16:14,"[""mark_longer_ending""]",21
P_GNT_EDITION_COMPLETE_SOURCE_SENTENCE_MRK_016_015~0e4fd8a276fb967ad15838696bf603970c04ef91ebc4f0973d9761b7900a7628,greek,edition_complete,source,sentence,MRK,MRK 16:15,MRK 16:15,"[""mark_longer_ending""]",14
P_GNT_EDITION_COMPLETE_SOURCE_SENTENCE_MRK_016_016~2afda1a2223298047182e9008155f029799bb707ddd54b8d9e3119eca897ddd3,greek,edition_complete,source,sentence,MRK,MRK 16:16,MRK 16:16,"[""mark_longer_ending""]",9
P_GNT_EDITION_COMPLETE_SOURCE_SENTENCE_MRK_016_017~87c855a94e89558eaddf127ba6521144fa326d165e9f9dfb200d4808b0530ae5,greek,edition_complete,source,sentence,MRK,MRK 16:17,MRK 16:17,"[""mark_longer_ending""]",6
P_GNT_EDITION_COMPLETE_SOURCE_SENTENCE_MRK_016_017_MRK_016_018~313418ff75cb679ca1aac3c5fe92b3d6dc2466b7836392c2f4a5b462b7401dea,greek,edition_complete,source,sentence,MRK,MRK 16:17,MRK 16:18,"[""mark_longer_ending""]",26
P_GNT_EDITION_COMPLETE_SOURCE_SENTENCE_MRK_016_019_MRK_016_020~361eaca4caeb8d4a8b9ae1e4776e34e26e9f1378a6d5ee3c7b5b37e7af56c61c,greek,edition_complete,source,sentence,MRK,MRK 16:19,MRK 16:20,"[""mark_longer_ending""]",35
P_GNT_EDITION_COMPLETE_SOURCE_SENTENCE_MRK_016_099~4ba46211ab0c81a1e33e704455b9adc8d5fa36c65a5d5207a19d573c926ecf54,greek,edition_complete,source,sentence,MRK,MRK 16:99,MRK 16:99,"[""mark_alternate_ending""]",10
P_GNT_EDITION_COMPLETE_SOURCE_SENTENCE_MRK_016_099~06c3e2ac604f9a141989aa98bc73d52b4865d88f639435cb7f5e8d2f769cd179,greek,edition_complete,source,sentence,MRK,MRK 16:99,MRK 16:99,"[""mark_alternate_ending""]",23
P_GNT_EDITION_COMPLETE_SOURCE_SENTENCE_JHN_007_053~f81a5360dcb03170279669674fff0788cf15d56ff19b3d556a7e1d0e5ea77469,greek,edition_complete,source,sentence,JHN,JHN 7:53,JHN 7:53,"[""pericope_adulterae""]",7
P_GNT_EDITION_COMPLETE_SOURCE_SENTENCE_JHN_008_001~1436c557efd6934a37acb1ae82052efd11aee147249b7d50114d014543d0793e,greek,edition_complete,source,sentence,JHN,JHN 8:1,JHN 8:1,"[""pericope_adulterae""]",8
P_GNT_EDITION_COMPLETE_SOURCE_SENTENCE_JHN_008_002~1e0c0d7e5f39ce594b1f4e70b9084b1c134a2d0519c2de84a295704016ffe17a,greek,edition_complete,source,sentence,JHN,JHN 8:2,JHN 8:2,"[""pericope_adulterae""]",18
P_GNT_EDITION_COMPLETE_SOURCE_SENTENCE_JHN_008_003_JHN_008_004~01b09c417c2551b323454dd2aec95f48787e7ba0e8e70c3ad8053aed69b52eca,greek,edition_complete,source,sentence,JHN,JHN 8:3,JHN 8:4,"[""pericope_adulterae""]",27
P_GNT_EDITION_COMPLETE_SOURCE_SENTENCE_JHN_008_005~a06a8646f1accb20ab713c01a9445670f952eab06345794974bc89371982c716,greek,edition_complete,source,sentence,JHN,JHN 8:5,JHN 8:5,"[""pericope_adulterae""]",10
P_GNT_EDITION_COMPLETE_SOURCE_SENTENCE_JHN_008_005~6a3c8aab2ff85c5b3e83e3dddb733e080ce980b7b16477e0f1f2995280a6ce33,greek,edition_complete,source,sentence,JHN,JHN 8:5,JHN 8:5,"[""pericope_adulterae""]",4
P_GNT_EDITION_COMPLETE_SOURCE_SENTENCE_JHN_008_006~94e92bc935d8a39eb45eee51359f65750db9199ff9b966f228e6c5aa0b9592d2,greek,edition_complete,source,sentence,JHN,JHN 8:6,JHN 8:6,"[""pericope_adulterae""]",9
P_GNT_EDITION_COMPLETE_SOURCE_SENTENCE_JHN_008_006~3eae3cef93d8256ae6e48479c1f3c1cb26d92bfcfc381722ce34faeb1c8d60f2,greek,edition_complete,source,sentence,JHN,JHN 8:6,JHN 8:6,"[""pericope_adulterae""]",11
P_GNT_EDITION_COMPLETE_SOURCE_SENTENCE_JHN_008_007~33af4be3159be9163fa671646f7c83f85a180f06ad31f11c2bffa53010a744db,greek,edition_complete,source,sentence,JHN,JHN 8:7,JHN 8:7,"[""pericope_adulterae""]",18
P_GNT_EDITION_COMPLETE_SOURCE_SENTENCE_JHN_008_008~c5ba986ba4ca61b4d59e5e71f157560843f4065aa1dc8cb15a9d878530917cbf,greek,edition_complete,source,sentence,JHN,JHN 8:8,JHN 8:8,"[""pericope_adulterae""]",8
P_GNT_EDITION_COMPLETE_SOURCE_SENTENCE_JHN_008_009~60d20a016626d2f8c1966f98bb22cf3ad9003f5e7e905e4caea41a18b72f31b1,greek,edition_complete,source,sentence,JHN,JHN 8:9,JHN 8:9,"[""pericope_adulterae""]",29
P_GNT_EDITION_COMPLETE_SOURCE_SENTENCE_JHN_008_010~87f8da386ae1ba7e1b19bb6f1d647ead3dbcd0d16ee3af8808888a94817ddac9,greek,edition_complete,source,sentence,JHN,JHN 8:10,JHN 8:10,"[""pericope_adulterae""]",23
P_GNT_EDITION_COMPLETE_SOURCE_SENTENCE_JHN_008_011~e4c3bd974e29c83341a57962667b95d83df51c64be119e8c3b6d91cab40d3b3b,greek,edition_complete,source,sentence,JHN,JHN 8:11,JHN 8:11,"[""pericope_adulterae""]",5
P_GNT_EDITION_COMPLETE_SOURCE_SENTENCE_JHN_008_011~52a85bcc3456bd35fa56f8362eecebddf5d09dc67568758bafaeda8386814521,greek,edition_complete,source,sentence,JHN,JHN 8:11,JHN 8:11,"[""pericope_adulterae""]",13
P_GNT_EDITION_COMPLETE_SOURCE_TWO_VERSE_MRK_016_008_MRK_016_009~bcc9785c2d0d5f373fc00a5a579a1bcc03e42293f3045a57a99b6e2aa2a2b812,greek,edition_complete,source,two_verse,MRK,MRK 16:8,MRK 16:9,"[""mark_longer_ending""]",33
P_GNT_EDITION_COMPLETE_SOURCE_TWO_VERSE_MRK_016_009_MRK_016_010~3cec2218511e3bdc608a8680e0fb046da3481c6d45fa74b563f5faa07c4ff657,greek,edition_complete,source,two_verse,MRK,MRK 16:9,MRK 16:10,"[""mark_longer_ending""]",25
P_GNT_EDITION_COMPLETE_SOURCE_TWO_VERSE_MRK_016_010_MRK_016_011~4c2e773987d00d9aedb2dbaaf1aca4aea630bf67a77254ce0562047f55728b09,greek,edition_complete,source,two_verse,MRK,MRK 16:10,MRK 16:11,"[""mark_longer_ending""]",19
P_GNT_EDITION_COMPLETE_SOURCE_TWO_VERSE_MRK_016_011_MRK_016_012~3835f0f1d3a492fce9785107a05696c804795c5c7d4c9df491b46c497816c43d,greek,edition_complete,source,two_verse,MRK,MRK 16:11,MRK 16:12,"[""mark_longer_ending""]",23
P_GNT_EDITION_COMPLETE_SOURCE_TWO_VERSE_MRK_016_012_MRK_016_013~fdafde45c3c9132a69fda36304d31d8728f40352cf123f6593fd4337a261a0d4,greek,edition_complete,source,two_verse,MRK,MRK 16:12,MRK 16:13,"[""mark_longer_ending""]",22
P_GNT_EDITION_COMPLETE_SOURCE_TWO_VERSE_MRK_016_013_MRK_016_014~33cc03a866164e549700c80de80a7138a3a52755c5aa4e8ce9c753a70a079ded,greek,edition_complete,source,two_verse,MRK,MRK 16:13,MRK 16:14,"[""mark_longer_ending""]",29
P_GNT_EDITION_COMPLETE_SOURCE_TWO_VERSE_MRK_016_014_MRK_016_015~744bd2990e89ea856a20ef44c5291fa7f7e07d2f63abffae05d105bc68694c43,greek,edition_complete,source,two_verse,MRK,MRK 16:14,MRK 16:15,"[""mark_longer_ending""]",35
P_GNT_EDITION_COMPLETE_SOURCE_TWO_VERSE_MRK_016_015_MRK_016_016~4fa4cd44c6e5f73a76be9efad3d64cb002eb171527b1e1ac92ec15f02af1da57,greek,edition_complete,source,two_verse,MRK,MRK 16:15,MRK 16:16,"[""mark_longer_ending""]",23
P_GNT_EDITION_COMPLETE_SOURCE_TWO_VERSE_MRK_016_016_MRK_016_017~1493c5051eaf27070c1810c6f553d9fa2ef3f669ffdb4b113fa1ed133dcf8416,greek,edition_complete,source,two_verse,MRK,MRK 16:16,MRK 16:17,"[""mark_longer_ending""]",24
P_GNT_EDITION_COMPLETE_SOURCE_TWO_VERSE_MRK_016_017_MRK_016_018~855d19d9679aaf5ec8a039489233cc95811b7cbecc4b1cd641bbd7b851ce613a,greek,edition_complete,source,two_verse,MRK,MRK 16:17,MRK 16:18,"[""mark_longer_ending""]",32
P_GNT_EDITION_COMPLETE_SOURCE_TWO_VERSE_MRK_016_018_MRK_016_019~45b5acc71459aec80de2b0dc6670a488b552bcc6c3e9d3dd167527d604c61d55,greek,edition_complete,source,two_verse,MRK,MRK 16:18,MRK 16:19,"[""mark_longer_ending""]",36
P_GNT_EDITION_COMPLETE_SOURCE_TWO_VERSE_MRK_016_019_MRK_016_020~16193648775267383e3ed20e931c75386e98904d9c54371639a2d7505bee04cf,greek,edition_complete,source,two_verse,MRK,MRK 16:19,MRK 16:20,"[""mark_longer_ending""]",35
P_GNT_EDITION_COMPLETE_SOURCE_TWO_VERSE_JHN_007_052_JHN_007_053~32e841e77fd6497affcc912cd804c5b3e1d4288cbfb17d02dfb7511b55f89e55,greek,edition_complete,source,two_verse,JHN,JHN 7:52,JHN 7:53,"[""pericope_adulterae""]",28
P_GNT_EDITION_COMPLETE_SOURCE_TWO_VERSE_JHN_007_053_JHN_008_001~33e9043d5aa9bd225668a56e1643b51105d6d5a4c801326ff5a676ba0bd6ffd6,greek,edition_complete,source,two_verse,JHN,JHN 7:53,JHN 8:1,"[""pericope_adulterae""]",15
P_GNT_EDITION_COMPLETE_SOURCE_TWO_VERSE_JHN_008_001_JHN_008_002~963aad951254f9b9efc9b07abdba806f3e90ca60d8a4cb44b09d17496471b712,greek,edition_complete,source,two_verse,JHN,JHN 8:1,JHN 8:2,"[""pericope_adulterae""]",26
P_GNT_EDITION_COMPLETE_SOURCE_TWO_VERSE_JHN_008_002_JHN_008_003~2424101aa3575356206aa38abafcad6ff6123cf74549da6bd25020025321ca1b,greek,edition_complete,source,two_verse,JHN,JHN 8:2,JHN 8:3,"[""pericope_adulterae""]",36
P_GNT_EDITION_COMPLETE_SOURCE_TWO_VERSE_JHN_008_003_JHN_008_004~ad4d07d09f703f42d5e4469c53bdef5e49ac1173d0a7c6bb8ee7226ea71f4cb1,greek,edition_complete,source,two_verse,JHN,JHN 8:3,JHN 8:4,"[""pericope_adulterae""]",27
P_GNT_EDITION_COMPLETE_SOURCE_TWO_VERSE_JHN_008_004_JHN_008_005~79c461fefc413ee5d5bbc20ac1ade5eda84fecdd31c1b3c1fe71833b308e8b20,greek,edition_complete,source,two_verse,JHN,JHN 8:4,JHN 8:5,"[""pericope_adulterae""]",23
P_GNT_EDITION_COMPLETE_SOURCE_TWO_VERSE_JHN_008_005_JHN_008_006~9ac3501affe0afe6a9d6044820dda3e7ce681dc020026257f90d41e8ce1d7379,greek,edition_complete,source,two_verse,JHN,JHN 8:5,JHN 8:6,"[""pericope_adulterae""]",34
P_GNT_EDITION_COMPLETE_SOURCE_TWO_VERSE_JHN_008_006_JHN_008_007~f4b68c7a4a3671b51d3782efc241e0e78a988d91dc119113006c1c1c98b4c2bc,greek,edition_complete,source,two_verse,JHN,JHN 8:6,JHN 8:7,"[""pericope_adulterae""]",38
P_GNT_EDITION_COMPLETE_SOURCE_TWO_VERSE_JHN_008_007_JHN_008_008~4164c0ebc1bf1f595836b7e04716c39352dd373f99d22ede4d457ba758afe871,greek,edition_complete,source,two_verse,JHN,JHN 8:7,JHN 8:8,"[""pericope_adulterae""]",26
P_GNT_EDITION_COMPLETE_SOURCE_TWO_VERSE_JHN_008_008_JHN_008_009~31c528192449245e04575c7eae4d30bac400b46668d021d2a0c2f49e7555ea3d,greek,edition_complete,source,two_verse,JHN,JHN 8:8,JHN 8:9,"[""pericope_adulterae""]",37
P_GNT_EDITION_COMPLETE_SOURCE_TWO_VERSE_JHN_008_009_JHN_008_010~46e00986034b3b8eecf9810abbbf0a366c9d105dbb510ce9f18970d1fd82ba01,greek,edition_complete,source,two_verse,JHN,JHN 8:9,JHN 8:10,"[""pericope_adulterae""]",52
P_GNT_EDITION_COMPLETE_SOURCE_TWO_VERSE_JHN_008_010_JHN_008_011~573fac00e53b6097d611b39a261b5b40cdc8b0178597b691cf485686cafa75a7,greek,edition_complete,source,two_verse,JHN,JHN 8:10,JHN 8:11,"[""pericope_adulterae""]",41
P_GNT_EDITION_COMPLETE_SOURCE_TWO_VERSE_JHN_008_011_JHN_008_012~071978b2de7dc46d4a50386649fa1a5a4fdc15d6026a6bdabb8c43af5b3216ea,greek,edition_complete,source,two_verse,JHN,JHN 8:11,JHN 8:12,"[""pericope_adulterae""]",46
P_GNT_EDITION_COMPLETE_SOURCE_VERSE_MRK_016_009~28da1ea23370ad4ef6d8377efeefb2a51a26b7a24ace9cdeedf76f52eaa1bc8f,greek,edition_complete,source,verse,MRK,MRK 16:9,MRK 16:9,"[""mark_longer_ending""]",15
P_GNT_EDITION_COMPLETE_SOURCE_VERSE_MRK_016_010~5e7c1ebdeceb05283ff367e83887d429c5a5fd708d0447b0ae1a1080eb011b8e,greek,edition_complete,source,verse,MRK,MRK 16:10,MRK 16:10,"[""mark_longer_ending""]",10
P_GNT_EDITION_COMPLETE_SOURCE_VERSE_MRK_016_011~87e3a464629d74bc3d5bb8cd513fcf197ea9de6b2e7041c53ca0896e45c95b67,greek,edition_complete,source,verse,MRK,MRK 16:11,MRK 16:11,"[""mark_longer_ending""]",9
P_GNT_EDITION_COMPLETE_SOURCE_VERSE_MRK_016_012~b21b8913c11bea1a5904ee2bc699cec0121a1439a24eb30cdceeefca03185411,greek,edition_complete,source,verse,MRK,MRK 16:12,MRK 16:12,"[""mark_longer_ending""]",14
P_GNT_EDITION_COMPLETE_SOURCE_VERSE_MRK_016_013~2dc8deb9f7e2c31258536d17bc0cdc75c3f576b83a4e26244e9f555ac2b06768,greek,edition_complete,source,verse,MRK,MRK 16:13,MRK 16:13,"[""mark_longer_ending""]",8
P_GNT_EDITION_COMPLETE_SOURCE_VERSE_MRK_016_014~5bbd0d615e32c7a1ea6d843235c2d07fcc9909e634b4e220687d81c1463e364b,greek,edition_complete,source,verse,MRK,MRK 16:14,MRK 16:14,"[""mark_longer_ending""]",21
P_GNT_EDITION_COMPLETE_SOURCE_VERSE_MRK_016_015~29b024e5e84dda1335d66b847a22cfaeea71ad9229e1d875b13879e6b0612e36,greek,edition_complete,source,verse,MRK,MRK 16:15,MRK 16:15,"[""mark_longer_ending""]",14
P_GNT_EDITION_COMPLETE_SOURCE_VERSE_MRK_016_016~8ff538237c09c68fedc68fc2923b518a173efda60eb731b3523766fcc04cee9a,greek,edition_complete,source,verse,MRK,MRK 16:16,MRK 16:16,"[""mark_longer_ending""]",9
P_GNT_EDITION_COMPLETE_SOURCE_VERSE_MRK_016_017~a60b4d7cf376e22c4b7c5e3554afbb2dc375a1fc614e1ae1acb1fdc4a9af64d1,greek,edition_complete,source,verse,MRK,MRK 16:17,MRK 16:17,"[""mark_longer_ending""]",15
P_GNT_EDITION_COMPLETE_SOURCE_VERSE_MRK_016_018~be614c9cb6f4f7f55a36bebef1dff86f5fc6bfbf8b62f770425e5c3a07a9355f,greek,edition_complete,source,verse,MRK,MRK 16:18,MRK 16:18,"[""mark_longer_ending""]",17
P_GNT_EDITION_COMPLETE_SOURCE_VERSE_MRK_016_019~625e83612e8b2b341e0bc52aee496c5e0c4413feee782541bb4c8386630555da,greek,edition_complete,source,verse,MRK,MRK 16:19,MRK 16:19,"[""mark_longer_ending""]",19
P_GNT_EDITION_COMPLETE_SOURCE_VERSE_MRK_016_020~8388eb549c7da95850ec819cf4b093bff94c7df11878c714e6c6c554f8961927,greek,edition_complete,source,verse,MRK,MRK 16:20,MRK 16:20,"[""mark_longer_ending""]",16
P_GNT_EDITION_COMPLETE_SOURCE_VERSE_MRK_016_099~5327b4c8b1f8d683c3582d63d954572f92b4c770899967eb2b6835ef2e6c1f76,greek,edition_complete,source,verse,MRK,MRK 16:99,MRK 16:99,"[""mark_alternate_ending""]",33
P_GNT_EDITION_COMPLETE_SOURCE_VERSE_JHN_007_053~b7d330c358c0eba268b8f1f561ba49a6203e3748f5f0ad97eb284d1bc79b73b2,greek,edition_complete,source,verse,JHN,JHN 7:53,JHN 7:53,"[""pericope_adulterae""]",7
P_GNT_EDITION_COMPLETE_SOURCE_VERSE_JHN_008_001~ad775386b4a3423532717d7b85c654d78d914aa73f415eae3635796888635c00,greek,edition_complete,source,verse,JHN,JHN 8:1,JHN 8:1,"[""pericope_adulterae""]",8
P_GNT_EDITION_COMPLETE_SOURCE_VERSE_JHN_008_002~e1d1b85d0cc58e624a9efdd0fb69f891d0d9bc031dbd928656cab2e8e9642f86,greek,edition_complete,source,verse,JHN,JHN 8:2,JHN 8:2,"[""pericope_adulterae""]",18
P_GNT_EDITION_COMPLETE_SOURCE_VERSE_JHN_008_003~ad2b1f6bb5cb4e944c849ec03537ecc6c0e14458989a9a253d6e82c950e539a4,greek,edition_complete,source,verse,JHN,JHN 8:3,JHN 8:3,"[""pericope_adulterae""]",18
P_GNT_EDITION_COMPLETE_SOURCE_VERSE_JHN_008_004~e500565500af2c66b7bc8425713304ef1736ae33faffb264814bc0ff8385820f,greek,edition_complete,source,verse,JHN,JHN 8:4,JHN 8:4,"[""pericope_adulterae""]",9
P_GNT_EDITION_COMPLETE_SOURCE_VERSE_JHN_008_005~693f1a38eaf1b430047196688944ab75b0905bd892ee24e00965b4c812df2336,greek,edition_complete,source,verse,JHN,JHN 8:5,JHN 8:5,"[""pericope_adulterae""]",14
P_GNT_EDITION_COMPLETE_SOURCE_VERSE_JHN_008_006~aa00bfc184d3512b90cdaee0c774a362d6c888aa3e9ad9870a21577afaffcb83,greek,edition_complete,source,verse,JHN,JHN 8:6,JHN 8:6,"[""pericope_adulterae""]",20
P_GNT_EDITION_COMPLETE_SOURCE_VERSE_JHN_008_007~c4b431e1db9f0969d026860d15c2e6058bac13ea3b6fab221f0aeb814455bdd4,greek,edition_complete,source,verse,JHN,JHN 8:7,JHN 8:7,"[""pericope_adulterae""]",18
P_GNT_EDITION_COMPLETE_SOURCE_VERSE_JHN_008_008~a42f70ad46addc2fe4bf3f6d5ad4fd97a2ab42d3f73d515531dc10e2c2747117,greek,edition_complete,source,verse,JHN,JHN 8:8,JHN 8:8,"[""pericope_adulterae""]",8
P_GNT_EDITION_COMPLETE_SOURCE_VERSE_JHN_008_009~b8335da74ebccf332d4ba55b794b21b826ec66e7daddeb9a33625c5609d6626a,greek,edition_complete,source,verse,JHN,JHN 8:9,JHN 8:9,"[""pericope_adulterae""]",29
P_GNT_EDITION_COMPLETE_SOURCE_VERSE_JHN_008_010~65dd3ef809e78ac183881ac675ec95d2e26a5164a14a2e1b4329280a08fb53a9,greek,edition_complete,source,verse,JHN,JHN 8:10,JHN 8:10,"[""pericope_adulterae""]",23
P_GNT_EDITION_COMPLETE_SOURCE_VERSE_JHN_008_011~d1335bbb4bedaf2e66997b2ad38812afb8f783b6bd96d90b7bd786570fc3bc15,greek,edition_complete,source,verse,JHN,JHN 8:11,JHN 8:11,"[""pericope_adulterae""]",18
