check_id,category,corpus,analysis_profile,analysis_reading,granularity,references_json,passage_ids_json,passage_count,membership_count,disputed_count,reference_gap_count,ketiv_uncertainty_count,chapter_crossing_count,exclusion_count,source_ids_json,language_counts_json,elided_token_count,leading_punctuation_token_count,trailing_punctuation_token_count,membership_sha256,reconstruction_sha256,lemma_sequence_sha256,provenance_sha256,verification_sha256,neighbor_check,comparison_check,status
h-genesis-narrative,Genesis narrative,hebrew,edition_complete,qere,verse,"[""GEN 22:1""]","[""P_HB_EDITION_COMPLETE_QERE_VERSE_GEN_022_001~e9a9b5c0ed08edff146d53f2f2986e1491038bea8b044ac77626b4e29963252c""]",1,22,0,0,0,0,0,"[""macula-hebrew""]","{""hebrew"":22}",0,0,0,0735ace10ac9aeba9366795aea3a729f935af063c6b5889e226f7c56ed16e912,0ee419e4ef54ebcd03e7e09cd54df56c445beb3c38e54f5b7ec69ae2cba678c8,0c917cf0edf5d095a6369d6cad85405fd68b5128dc2312b6eb5514ab3760369d,2a7bf07df89ab940d8437ee2c88c6bbeba024109dc51181317ad86b5bf7f5a1b,ddb2a252273c7472aac7e5e3de4944248fcf3c3f2ff784ae21549fcd5fd35318,passed,not_applicable,PASS
h-torah-legal,Torah legal material,hebrew,edition_complete,qere,verse,"[""LEV 19:18""]","[""P_HB_EDITION_COMPLETE_QERE_VERSE_LEV_019_018~bbd92a909b65df8ca5f273657a53d31b4d93c12ad7484f47e99d4db7ff1a0c8d""]",1,18,0,0,0,0,0,"[""macula-hebrew""]","{""hebrew"":18}",0,0,0,4ecbd1ab7e30e13f092a14a880a7db0ebbdf79cada2f83f984ef94f68b2d44a6,0376f892dc6a6f1b8e9848905e9da082f3ddf34a45493337dd280d58508b432b,323276c97f13cb334c1a0f180afa3dd8a81bd092b39f6f1738bc4413e3c4352b,9b2fe46ae89ff4c9d091de8e0b343497a19b9defac6b6b48c8c92770630220fe,c7226d97f8fd6d253641b5814cb47d0201387af0f1eb6fdce5e71d01277f71af,passed,not_applicable,PASS
h-samuel-paired-multiword-kq,Samuel narrative; paired Ketiv/Qere locus; multiword Ketiv locus,hebrew,edition_complete,ketiv,verse,"[""1SA 9:1""]","[""P_HB_EDITION_COMPLETE_KETIV_VERSE_1SA_009_001~e26be744da9974061c93ae2e5e978daa12edea8c54545fe82065930a921228b2""]",1,22,0,0,1,0,0,"[""macula-hebrew"",""oshb-morphhb""]","{""hebrew"":22}",0,0,0,a95dd0678cca69d6d812a5d4dffc693019a5bd2d9192835e62a2114180bbfc7b,cb4ebb91a65dc4e4a4d00b6fc0a9af7052e1908e537db98a299cadc5d9af5ee0,7e9864e0b08064aede4f392df7a1fed1fc093c339e1f9c0ffde4cec423b60c78,9120eee3a909cc3206d78f8ce81b4f687928b51230d5d22be477d4bcfcd27eeb,ff5dfe3c47c51314e14a7203bed306f45e82afab1a2ecadbce369b313e8614f0,passed,edition_complete/qere:1,PASS
h-psalms,Psalms,hebrew,edition_complete,qere,verse,"[""PSA 23:1""]","[""P_HB_EDITION_COMPLETE_QERE_VERSE_PSA_023_001~f3c3b679268f4b41a854bf4faa783738379145241ded4766abd849c5bea3deab""]",1,8,0,0,0,0,0,"[""macula-hebrew""]","{""hebrew"":8}",0,0,0,07225d23a24750134c44ad8035dcd9c7b2dbd1eb8062a454d31130a122c6be40,38892f8bedc8f87fb6d7d97e1e83682cf023f7f7b9843d9b7b7bdeca37812dd4,0560e9b0e6a9c7e4330bfc499c35d34a23c376fec9315949769ee9a51d34a9ff,52a3b74032a7b884dc84cc5aff4d9bc719431e90bfece4382cd3b8603ee56d2f,2e2b53850ba5bb3bac05b9b240098750c8b6cec25d805fe39bf650427e479da2,passed,not_applicable,PASS
h-job-wisdom,Job or Proverbs,hebrew,edition_complete,qere,verse,"[""JOB 38:1""]","[""P_HB_EDITION_COMPLETE_QERE_VERSE_JOB_038_001~e032815945648437a830e7edc6a421b3333b64556d4b4f29249b55a5096df402""]",1,10,0,0,0,0,0,"[""macula-hebrew""]","{""hebrew"":10}",0,0,0,7ab5bd521a3c363ee25262ac5c54f68307a17c3eec94d454cc64b96139c01660,00faa40a5f42a19cabce5d30f8a437a71f9fddd7ac61bdc790fb0868841ecdb1,330b396a8617dd81b98461d56acbcda2266fad882b78f1c8914ac1a36367d4b3,8efba8a613981692e37dc70b7c3fbb21db040820e9b33037e01ee99d790f50cf,140d8c2280a4c1ea5d260420f627aab96fdfb84de739c7970491294c6e99b4fa,passed,not_applicable,PASS
h-major-prophet,Major prophet,hebrew,edition_complete,qere,verse,"[""ISA 6:1""]","[""P_HB_EDITION_COMPLETE_QERE_VERSE_ISA_006_001~85c2d7d176a55ba23b41d76060cb21cabe99806a550d5fd3d4805784c6c7ee83""]",1,24,0,0,0,0,0,"[""macula-hebrew""]","{""hebrew"":24}",0,0,0,723d86a4e3caf5f8ee2bd9bedb03d1088eaa3405701a809a62026701d0bbefe4,058fb8ef314d5cd24989110d6c608f53af7b0a5b285a9349ce954f4b71b1e3f8,4fb0de6b791051546450d821c0344e4981dabf883555f9136171c9fc749702e2,fd559932d43ef93d7f3d9adc656a049bbe09b5494d1d16a77b19f24f5f6887b2,2fd087f7ec651c18216270028940ad5b2a71bffa30a8871dfefe616d990a66a8,passed,not_applicable,PASS
h-minor-prophet,Minor prophet,hebrew,edition_complete,qere,verse,"[""OBA 1:1""]","[""P_HB_EDITION_COMPLETE_QERE_VERSE_OBA_001_001~d3e29fcde7583a90f596f696a3e4ccdca20b16f2190d02fc1eb3943fb9c7ee3f""]",1,28,0,0,0,0,0,"[""macula-hebrew""]","{""hebrew"":28}",0,0,0,c13da3f2eae73548b2074c80f23f735835bbe6defb845b1dae64907d3ba40274,f549cab221a7d436702979988edaa2e884277acb537c06c080c573aa3cfba0ef,d9d9868ed3ae61596e8d91a7765421d4797765cd1283e3ec14b40f8bd52fd32a,3eec7d20871ea1ed446cecc138e33810b25a3a6bd0d01da93b3a33a629ea07e2,4751fdbfbf0b4193a1501af0d063edb6392325af7a137bbd8d0ae536c966b06d,passed,not_applicable,PASS
h-ezra-aramaic,Ezra Aramaic,hebrew,edition_complete,qere,verse,"[""EZR 4:8""]","[""P_HB_EDITION_COMPLETE_QERE_VERSE_EZR_004_008~50f6d56f13c110adc2e3531447cf293dfb0763a21c17e86267956c2e9d8cba5e""]",1,17,0,0,0,0,0,"[""macula-hebrew""]","{""aramaic"":17}",0,0,0,fecdb9d37e4b44924c1ff7e1f7cdbcad2fab81f77c2a105bb01bfae4e06f13a7,31747ef04bcfb1800cf4c64f2ca589527d02d94397b981d9f0fd7bf1f8ad5ae6,f01b35e6942be29a91eeeadb207d95b2456d1f39b3a6edcec6054677a0e7f254,b339fe9ea28d376bb5bae38dad896517a80335229caf5eb7f2f35113156456b0,b6401fd2fb5c32d1e3ce2335c4a5e8c1f6f0a62a9228fa138d46c54f8e7254da,passed,not_applicable,PASS
h-daniel-language-transition,Daniel Hebrew-to-Aramaic transition,hebrew,edition_complete,qere,verse,"[""DAN 2:4""]","[""P_HB_EDITION_COMPLETE_QERE_VERSE_DAN_002_004~2607e1b71bfc9718cdf56eb83cbdf1cd3ddcf47e82c896ae0de19a8f2782802f""]",1,23,0,0,0,0,0,"[""macula-hebrew""]","{""aramaic"":15,""hebrew"":8}",0,0,0,34775b82d8d20035be46dc8b4f6cdd50b7103ae7c569ee671e093e6935adc04c,955cfde1a9a9bfd59710aa45041c75401a48078985f41dc78304cd261e607bde,f992b22852182af272773ff24ca76118ee29b68e4c6f273fd5026ca17821d8f2,9938a5f4586490b77e93b256016322b5aaa6842e90bd90f1e6a311fd3cccde62,fbdb08dffc0d44c6e2960b347417644b371da9d658f41a81247812d93bc4ceba,passed,not_applicable,PASS
h-ketiv-only-locus,Kings; Ketiv-only locus,hebrew,edition_complete,ketiv,verse,"[""2KI 5:18""]","[""P_HB_EDITION_COMPLETE_KETIV_VERSE_2KI_005_018~126c2279e2fef16200604b3a1323c3426ec51c529cbee56da97893eda52f608c""]",1,46,0,0,1,0,0,"[""macula-hebrew"",""oshb-morphhb""]","{""hebrew"":46}",0,0,0,4dbeb84ae745ade4fc93ec40d7e60cb96e400f4f7c27b52d89fefcc564b6229d,a8212133e6c5a599840f14f770950b91ae8fac3946fa0a8e047548b1b8702ab3,df787084db3fa9e232fa8d03303dbc851df235b5cba24ea2ec002ef78c232b57,7c28f198bcb81314b87c9a08637cfb99336393cc63c8a501743956bd268fc7da,6e8ceafe85eb7061c7e8737aa264809a67ae978694b276ed3489694ff3af12cb,passed,edition_complete/qere:1,PASS
h-fully-resolved-ketiv-clause,Fully resolved Ketiv clause; clause passage,hebrew,edition_complete,ketiv,clause,"[""1CH 1:11""]","[""P_HB_EDITION_COMPLETE_KETIV_CLAUSE_1CH_001_011~38255b4ee4aae5e40398d3b2c7361bd690a522969dc41cc87b31064d2c2263ec""]",1,13,0,0,0,0,0,"[""macula-hebrew"",""oshb-morphhb""]","{""hebrew"":13}",0,0,0,87a6945cc1fc0f7aa9375e009ea371e3feac56ca17230b224852332cf1912510,22a6d5163b94c62969d3d7897f5929bdaba9ad71a4fa50f5634a2fdb50f026e4,530d0e63b9a226b72cf5daad52a6c25429f6010d92735d84515a72919da332c3,277d4d533493ad05186b303a760b0cdcbe8bc0d0171ab6e0405e38f50d2be8a4,8e8513f01b388ddcc06df9727628087bdd9ee541da072b451c2a496d4edca153,passed,not_applicable,PASS
h-partial-ketiv-structure,Partially resolved Ketiv structural locus with explicit clause exclusion,hebrew,edition_complete,ketiv,verse,"[""1CH 2:16""]","[""P_HB_EDITION_COMPLETE_KETIV_VERSE_1CH_002_016~a1eed8a0c03dd479a453262980f4c1d0cab86e56b23276097aed4a97aefbe920""]",1,14,0,0,1,0,1,"[""macula-hebrew"",""oshb-morphhb""]","{""hebrew"":14}",0,0,0,bb4ce874563c093a15651410ed927893500572d247c00961e64d75da307f951c,42271534997b5fc234c1b859bbfcdecff9f20d1345b34918aff2e604f921411b,7edd75bc946c92663e7410bef58dbe42d6ea20bbe8a8f3ae486c13cb4c865dc8,90fe92480c1df0c52bd1c314c890e48f8d4af44e47e242666beaea11dc066498,def6d12ce009415273891218a19262af98db0671229e33a2940b29fe022b3964,passed,not_applicable,PASS
h-multiverse-sentence-inventory,Hebrew sentence spanning multiple verses if present (none in source annotations),hebrew,edition_complete,qere,sentence,[],[],0,0,0,0,0,0,0,[],{},0,0,0,4f53cda18c2baa0c0354bb5f9a3ecbe5ed12ab4d8e11ba873c2f11161202b945,4f53cda18c2baa0c0354bb5f9a3ecbe5ed12ab4d8e11ba873c2f11161202b945,4f53cda18c2baa0c0354bb5f9a3ecbe5ed12ab4d8e11ba873c2f11161202b945,4f53cda18c2baa0c0354bb5f9a3ecbe5ed12ab4d8e11ba873c2f11161202b945,985c746391bc625cda6fce8875de4046ef94a776d0f441b6a4cebbede93c757d,passed,not_applicable,PASS
h-chapter-crossing-two-verse,Chapter-crossing two-verse window,hebrew,edition_complete,qere,two_verse,"[""GEN 1:31"",""GEN 2:1""]","[""P_HB_EDITION_COMPLETE_QERE_TWO_VERSE_GEN_001_031_GEN_002_001~5d2eeea455b8bd2b62a72c9cd9387959a1387d94110fc8d76d1e884996fcfdc2""]",1,31,0,0,0,1,0,"[""macula-hebrew""]","{""hebrew"":31}",0,0,0,e6e1e793d3ec603ea898f60214884a36e208c30fa6011678ae7cbb46bfa80dc2,bf8f7922e6494a9800dc1839382a1cbacff5b7fa33241b5e0758882267f85e14,ac94d0bc5574091006e179a82a88be117ad268dea8a257c7094e70b36f06da03,8dfb005568ce05ad493e2118defa822bf6e711855d2191e7254cbb5e01edac97,c7554f0d125ba9f917265242639b5abdddf798471ceefeccbb5adaabe0ccb745,passed,not_applicable,PASS
h-five-verse-window,Five-verse window and full overlap accounting,hebrew,edition_complete,qere,five_verse,"[""GEN 1:1"",""GEN 1:2"",""GEN 1:3"",""GEN 1:4"",""GEN 1:5""]","[""P_HB_EDITION_COMPLETE_QERE_FIVE_VERSE_GEN_001_001_GEN_001_005~807ca12a6e5ac04852fa91fc600de0caaa14f991f45ee2abb3f9d2cffc712696""]",1,78,0,0,0,0,0,"[""macula-hebrew""]","{""hebrew"":78}",0,0,0,8d8bfc5b14af24035213d835ae5775186db9c18bd76d5b920e59d7e8112b5033,f8daaa9ea59a1ed6a0afb3468b145f16f56f90030f539ff5b09daa7c80c9ba79,49e5bfe37d86f5ce18ce17aee4ad24b4f27c4ee76339c0471221d06889787451,ac567a35942b4bd50718d017ef7a00567df2893478b96f0eb24d5c36e5d5827f,20633b9473dacce314249c64d0e7aa481c255c3fccdc6b9e70dc72aa7f7b4495,passed,not_applicable,PASS
g-synoptic-punctuation,Synoptic narrative; Greek leading and trailing punctuation reconstruction,greek,edition_complete,source,verse,"[""MRK 1:1""]","[""P_GNT_EDITION_COMPLETE_SOURCE_VERSE_MRK_001_001~823627c0ab76af006c84d29b7250351332d72aa7638cb67ef326f080b8ff5d06""]",1,7,0,0,0,0,0,"[""macula-greek""]","{""greek"":7}",0,1,1,a4929f7d64e3c0f1bbd6fa983e12c858019ecb11e1a72768fb4764c14ffa1b72,e8383254d279494ab70ce6c525eb6d2486206bd171ce5970d81dcfe5fd60f3fe,cb1406b7905c27b93b3aa5dc7bd852f3001858cd2fde23cb932f8c9766b5ee9c,70e59e2b3e97554c0bd2c346a9cf56b916246ca284fe3d2c0decd9da1cd615de,5067beca26f0a3bbd63ff4494265b1ebdb558fa74db1463853df6b11df3c80e7,passed,not_applicable,PASS
g-john,John,greek,edition_complete,source,verse,"[""JHN 1:1""]","[""P_GNT_EDITION_COMPLETE_SOURCE_VERSE_JHN_001_001~bc7468c57cac90cb85e9315d0373bc73d1d1fe5444b11f2fe82e6a64dbf7e057""]",1,17,0,0,0,0,0,"[""macula-greek""]","{""greek"":17}",0,0,3,7f3739f4df60bfa3d3d8caf0a16bfaa0ccef4b403c81aef39da2006e591b2319,ce34327765058e605b84094ae260bb89c31ff16d0522dfb3c3a2324cc64eeb5f,543bb7670339ef59630625eb1d67a8d7aa088f83dbf189260c773ead1e5faf1c,d68902285e0f3adfe8db0acd7ac128689ec7f03ff111905dc5099f4b1ecac82c,e50bc445aa717b005d9ac0c2b0f6e201b8c9826dc0380d3d8c2c517bb55dd154,passed,not_applicable,PASS
g-pauline-letter,Pauline letter,greek,edition_complete,source,verse,"[""ROM 8:1""]","[""P_GNT_EDITION_COMPLETE_SOURCE_VERSE_ROM_008_001~bc768c434ae3ad878fc1c1336a3c9fad1d1060021d42446347bcdfc8091cbe4a""]",1,8,0,0,0,0,0,"[""macula-greek""]","{""greek"":8}",0,0,1,160bb5074cdaf22b50c3de2b55973c5742923edb5116566c944ad49fb9990bb6,c5d2ef9b65f214236368278346d7d345c3e21ced4fb5e2d28973642c8ec358ad,db3c5f43f72656e8efe627c6a55d08ddb03c3b37d7756b49a565f875bd002bc3,e894da060c2abf4694c6cba238a5d247fe109a6108a00f0a22b992ffb6fc3e3c,e720465db2999499f6c55c979ccf5129faf141e7b5a66469b12ad19591de7ea8,passed,not_applicable,PASS
g-general-letter,General letter,greek,edition_complete,source,verse,"[""JAS 1:1""]","[""P_GNT_EDITION_COMPLETE_SOURCE_VERSE_JAS_001_001~b06f934101c2cdb307240445164faef2080202d6d42ecb94ca196ba911a4ef42""]",1,15,0,0,0,0,0,"[""macula-greek""]","{""greek"":15}",0,0,1,074bdeadc8af1e4331fc8faf864cb9a53259f975a3e3f705535baaa5c2959a25,16e05e2337bfb35756ecd9cdb6a7ea772659c9698a5cc1707fb9e0ed17be5470,9ea82336cdab0ea1af304e78d3bf45a3e822d962ff778b3b7289f7c484ea5209,2fa8a74aac240eefaea449f30b0c5135f69924af21ad45777d2726de50b0285f,0cc782730fc76d996a7acf229d38f480007a906ed5952ba5252834f77ec4a029,passed,not_applicable,PASS
g-revelation,Revelation,greek,edition_complete,source,verse,"[""REV 1:1""]","[""P_GNT_EDITION_COMPLETE_SOURCE_VERSE_REV_001_001~6e217846896b68fa524295b4de30d01aff00c1fb890f8095ffc044fa6563283c""]",1,28,0,0,0,0,0,"[""macula-greek""]","{""greek"":28}",0,0,5,16a61e2e115fa7c221a5c22af66e7fa1f36e40131fcd66fd801695f1a8873b21,acd1835a06e1846bf2a51b86723c0fa266f61e34658051fd349b6cdb07dd40f8,4b42c8cdae0f16904654027de74d8902527e345582e1b3d1ff6a531ae718f0b4,40ec49ee2730141e286bebc0fc74d938b028bd1edff438fe98831c8ca95a227a,92a424dd5e311bd890fc534ac8ce2223a6d087a43a260f07fa76f4ef5e70dc56,passed,not_applicable,PASS
g-multiverse-sentence,Greek sentence spanning multiple verses,greek,edition_complete,source,sentence,"[""MAT 1:2"",""MAT 1:3"",""MAT 1:4"",""MAT 1:5"",""MAT 1:6""]","[""P_GNT_EDITION_COMPLETE_SOURCE_SENTENCE_MAT_001_002_MAT_001_006~3a050cd739ba2899f370ecc9e52025b1549b5b80f784b07237089ad5eb50c4c0""]",1,82,0,0,0,0,0,"[""macula-greek""]","{""greek"":82}",0,0,13,87ced9b21a388f8c8439fae742fc0919f752aff7b17188b6d0f2f4e0db056530,db6e7fef6ce224fbaf6f155b40207619db3b656dfd3896c33c1847324b9989cd,32b6b39aa765e22354ff4e619b78d74b6386f3175369d149315bc4c386dfabd9,4b17099ade3bdf9a53a639f30e9391a8e6863072999b12d2f6dfa913400e4d4c,a65b3a7a2cf5a85dbf775edc921e342cdfafc18398945d047887c7dd75bbf3be,passed,not_applicable,PASS
g-elision,Greek elision reconstruction,greek,edition_complete,source,verse,"[""MAT 1:20""]","[""P_GNT_EDITION_COMPLETE_SOURCE_VERSE_MAT_001_020~0c4289985bada65465651a70dc89fad8e92113de810c75cb85dfe571a7d7de20""]",1,31,0,0,0,0,0,"[""macula-greek""]","{""greek"":31}",1,0,3,e9770bb317ea3069ebf663d7d2d160b30f04e31dae47985a86949a70cdee8254,fa843bd886c8c3e2da8b34ef31d8cb83b6246711b4b552c113ce1312037434f9,c7c0d8409491392c0a703998ec35400d0d90a57ac25e7e1e25d5ec9f870d1ede,bb7e9a065849df125eb684067b4d6d39f9cf38b8d40bb78a945fb194312c84ee,bf7f6b17790c9d647fb45b240de3e673635a248acdea9f768b14bb6cdb7ccc34,passed,not_applicable,PASS
g-chapter-crossing-window,Greek chapter-crossing two-verse window,greek,edition_complete,source,two_verse,"[""MAT 1:25"",""MAT 2:1""]","[""P_GNT_EDITION_COMPLETE_SOURCE_TWO_VERSE_MAT_001_025_MAT_002_001~512b0576e92cd7c585e95075679fdf5f9985543deedf5c03cdb5184ef248ce64""]",1,34,0,0,0,1,0,"[""macula-greek""]","{""greek"":34}",0,0,3,a8fe884b2a8c8197acf2b54659a40427a4f38bac0caa22b1ccfbfce2150cf16c,dfcc80e2bbd88facc2046453366564c0ddfd799ffed651575a5ceb05f316f548,273402f8a571bd93160d440b25e66912b51ea62fd818048310732d87f565991a,f10ca77c9e1119bcb0a883fad2e83172fae5e7fe259245c84094bb49e33b010d,b1d6fd0633662d0277276fddfcca14733d6d00b70aebc4e1996992eebeaef600,passed,not_applicable,PASS
g-edition-omitted-verse-gap,Edition-omitted verse gap,greek,edition_complete,source,two_verse,"[""MAT 17:20"",""MAT 17:22""]","[""P_GNT_EDITION_COMPLETE_SOURCE_TWO_VERSE_MAT_017_020_MAT_017_022~787da2b971dd4fbe1eb16ca6e4c706faab3b2dfc0b24db9e83124b5c5db05c45""]",1,50,0,1,0,0,0,"[""macula-greek""]","{""greek"":50}",0,0,7,8c3f9417f82f7cb8e51390b6fdff25ab9dfa451bddabcca0e01cef4937d11d9f,fa18600330b9e7ac9a8621a14713124ed8feeaa5c44a54f73ed646c4fb397483,15cbf55d845ccf3fc73697818887be5143d4e919e125982589da4c7f21635fd6,716a4757675793c3a639773f7f8563e1a573ca94974e3dfc0e2fe2acdd660e3e,b0602ef0dbd3e0e425e3c3e54874a7bf0419f58da139358d1566ac696b7d157c,passed,not_applicable,PASS
g-mark-16-8-boundary,Mark 16:8 before disputed-text boundary,greek,edition_complete,source,verse,"[""MRK 16:8""]","[""P_GNT_EDITION_COMPLETE_SOURCE_VERSE_MRK_016_008~5b605f7722e0092939e633f10164d0266df59be4a1ec9ead93523c29d1d48e91""]",1,18,0,0,0,0,0,"[""macula-greek""]","{""greek"":18}",0,0,4,30548a2a6a9c12c4fb37aec7e63bc2aafd4f69a74360aa7de6d3b321e1faa15f,9a18a819e779962cea938eec6945b17c8e71159a0d95bd788181dc67b3e56acb,6376e70347523eb53ba8af7d0794eb839fadfbd549ffa5adcd7de50bd7d45f52,e62cbfacb547d3556b4d011a8976b00ee7d6bea23a3de2dfea627304932e0923,6bac051194f64e3f4b056aefde4536eb3e608b48beafebe5d8e73f97b5b6df06,passed,critical_core/source:1,PASS
g-mark-longer-ending,Mark 16:9 through 16:20; edition-complete versus critical-core,greek,edition_complete,source,verse,"[""MRK 16:9"",""MRK 16:10"",""MRK 16:11"",""MRK 16:12"",""MRK 16:13"",""MRK 16:14"",""MRK 16:15"",""MRK 16:16"",""MRK 16:17"",""MRK 16:18"",""MRK 16:19"",""MRK 16:20""]","[""P_GNT_EDITION_COMPLETE_SOURCE_VERSE_MRK_016_009~28da1ea23370ad4ef6d8377efeefb2a51a26b7a24ace9cdeedf76f52eaa1bc8f"",""P_GNT_EDITION_COMPLETE_SOURCE_VERSE_MRK_016_010~5e7c1ebdeceb05283ff367e83887d429c5a5fd708d0447b0ae1a1080eb011b8e"",""P_GNT_EDITION_COMPLETE_SOURCE_VERSE_MRK_016_011~87e3a464629d74bc3d5bb8cd513fcf197ea9de6b2e7041c53ca0896e45c95b67"",""P_GNT_EDITION_COMPLETE_SOURCE_VERSE_MRK_016_012~b21b8913c11bea1a5904ee2bc699cec0121a1439a24eb30cdceeefca03185411"",""P_GNT_EDITION_COMPLETE_SOURCE_VERSE_MRK_016_013~2dc8deb9f7e2c31258536d17bc0cdc75c3f576b83a4e26244e9f555ac2b06768"",""P_GNT_EDITION_COMPLETE_SOURCE_VERSE_MRK_016_014~5bbd0d615e32c7a1ea6d843235c2d07fcc9909e634b4e220687d81c1463e364b"",""P_GNT_EDITION_COMPLETE_SOURCE_VERSE_MRK_016_015~29b024e5e84dda1335d66b847a22cfaeea71ad9229e1d875b13879e6b0612e36"",""P_GNT_EDITION_COMPLETE_SOURCE_VERSE_MRK_016_016~8ff538237c09c68fedc68fc2923b518a173efda60eb731b3523766fcc04cee9a"",""P_GNT_EDITION_COMPLETE_SOURCE_VERSE_MRK_016_017~a60b4d7cf376e22c4b7c5e3554afbb2dc375a1fc614e1ae1acb1fdc4a9af64d1"",""P_GNT_EDITION_COMPLETE_SOURCE_VERSE_MRK_016_018~be614c9cb6f4f7f55a36bebef1dff86f5fc6bfbf8b62f770425e5c3a07a9355f"",""P_GNT_EDITION_COMPLETE_SOURCE_VERSE_MRK_016_019~625e83612e8b2b341e0bc52aee496c5e0c4413feee782541bb4c8386630555da"",""P_GNT_EDITION_COMPLETE_SOURCE_VERSE_MRK_016_020~8388eb549c7da95850ec819cf4b093bff94c7df11878c714e6c6c554f8961927""]",12,167,12,0,0,0,0,"[""macula-greek""]","{""greek"":167}",3,1,20,982c81566cfa2330e4a7af94ecdcd0b23564c3de029350583f7d8428777f322f,419b6b15696484d8de832b74abccc27c4d1fb2cbf05eac079e7e173959ac2aa8,520432979f42f17203ab57ad24733a49b0ea9ee2a35e8837d11a3a9ab5868fe8,7f8cd157b437131123289362ba4b73ad6350f9193536a0ece083b111b606f543,f31d65e45b0f5d0a946a1f64e447aeac6e1c11775870ab1b1fad974e213b28a7,passed,critical_core/source:0,PASS
g-mark-alternate-ending,Mark 16:99 alternate ending and analytical boundary,greek,edition_complete,source,verse,"[""MRK 16:99""]","[""P_GNT_EDITION_COMPLETE_SOURCE_VERSE_MRK_016_099~5327b4c8b1f8d683c3582d63d954572f92b4c770899967eb2b6835ef2e6c1f76""]",1,33,1,0,0,0,0,"[""macula-greek""]","{""greek"":33}",1,1,2,40e2e60c772e61fdae64078306d13a26803f14e7c5366f6adf81127fd81499a1,78c6e1ee4597156085010d96d06957ff7cba7d4c1d03fffe9587ab921ba3ffb0,48c2f4a6e70de429c6dc514be5f98def48666d9dc936eb985e241aabb809d2b1,6252551e8c490ea218a37117baac81905a63ec340f0ef4808051d4b74b037d91,82a17d9f0cfcbce213e4785e087920942428eb94bdd7adfa695467f5b57c1c7a,passed,critical_core/source:0,PASS
g-john-7-52-boundary,John 7:52 before disputed-text boundary,greek,edition_complete,source,verse,"[""JHN 7:52""]","[""P_GNT_EDITION_COMPLETE_SOURCE_VERSE_JHN_007_052~d245d8fcfe05c4668cfac76bc7bec7a9c2736ee56ada60490f27d12b487a70a9""]",1,21,0,0,0,0,0,"[""macula-greek""]","{""greek"":21}",0,0,2,8dd328c26cb94ae4c21f1b31b1c28236a3b79d65210f6974cd705d423cd9c03d,1c50acfb36aaeba0cbf48cceeb51690609d7bb50515d9da45bee5884d617903d,b335e5df1a04cbb96533a63f91e38b86a5c9b4221c5ca700de37a5c8dbd786cd,440d70febfcf90cf0dcfb504fcd5766e5e91150afd1648d644d6feb1a687e410,526b553203ed6117840979e83d7d0fb2d9b2092f82ab61b124ec85a7fcdd3236,passed,critical_core/source:1,PASS
g-john-pericope-adulterae,John 7:53 through 8:11; edition-complete versus critical-core,greek,edition_complete,source,verse,"[""JHN 7:53"",""JHN 8:1"",""JHN 8:2"",""JHN 8:3"",""JHN 8:4"",""JHN 8:5"",""JHN 8:6"",""JHN 8:7"",""JHN 8:8"",""JHN 8:9"",""JHN 8:10"",""JHN 8:11""]","[""P_GNT_EDITION_COMPLETE_SOURCE_VERSE_JHN_007_053~b7d330c358c0eba268b8f1f561ba49a6203e3748f5f0ad97eb284d1bc79b73b2"",""P_GNT_EDITION_COMPLETE_SOURCE_VERSE_JHN_008_001~ad775386b4a3423532717d7b85c654d78d914aa73f415eae3635796888635c00"",""P_GNT_EDITION_COMPLETE_SOURCE_VERSE_JHN_008_002~e1d1b85d0cc58e624a9efdd0fb69f891d0d9bc031dbd928656cab2e8e9642f86"",""P_GNT_EDITION_COMPLETE_SOURCE_VERSE_JHN_008_003~ad2b1f6bb5cb4e944c849ec03537ecc6c0e14458989a9a253d6e82c950e539a4"",""P_GNT_EDITION_COMPLETE_SOURCE_VERSE_JHN_008_004~e500565500af2c66b7bc8425713304ef1736ae33faffb264814bc0ff8385820f"",""P_GNT_EDITION_COMPLETE_SOURCE_VERSE_JHN_008_005~693f1a38eaf1b430047196688944ab75b0905bd892ee24e00965b4c812df2336"",""P_GNT_EDITION_COMPLETE_SOURCE_VERSE_JHN_008_006~aa00bfc184d3512b90cdaee0c774a362d6c888aa3e9ad9870a21577afaffcb83"",""P_GNT_EDITION_COMPLETE_SOURCE_VERSE_JHN_008_007~c4b431e1db9f0969d026860d15c2e6058bac13ea3b6fab221f0aeb814455bdd4"",""P_GNT_EDITION_COMPLETE_SOURCE_VERSE_JHN_008_008~a42f70ad46addc2fe4bf3f6d5ad4fd97a2ab42d3f73d515531dc10e2c2747117"",""P_GNT_EDITION_COMPLETE_SOURCE_VERSE_JHN_008_009~b8335da74ebccf332d4ba55b794b21b826ec66e7daddeb9a33625c5609d6626a"",""P_GNT_EDITION_COMPLETE_SOURCE_VERSE_JHN_008_010~65dd3ef809e78ac183881ac675ec95d2e26a5164a14a2e1b4329280a08fb53a9"",""P_GNT_EDITION_COMPLETE_SOURCE_VERSE_JHN_008_011~d1335bbb4bedaf2e66997b2ad38812afb8f783b6bd96d90b7bd786570fc3bc15""]",12,190,12,0,0,0,0,"[""macula-greek""]","{""greek"":190}",1,1,38,83ca803ccc53e9cd7a236a87655e0b184929d22c0bfdf5974dd2f247b2e2ab50,9edb34557156e758f3d3b5967779e9e68eb391c026da929f6a01c8fc8f481341,110c32960c45dd9b6269aad8393c556092fd04a6e8888e8fa87cdc3d3e212cfb,eb6b2e2aac004515173e7412541bcd3d71ecf84d0606d640dcaa60f03ae1cbad,3e61d6426ae895b659ec4923cff606fb01a6b4775ab2eaf3796e3a87c70d95bd,passed,critical_core/source:0,PASS
g-john-8-12-boundary,John 8:12 after disputed-text boundary; edition-complete versus critical-core,greek,edition_complete,source,verse,"[""JHN 8:12""]","[""P_GNT_EDITION_COMPLETE_SOURCE_VERSE_JHN_008_012~4dc4155a4a286a7323f82b90996d1f2b90dc30d1f16e39dd947082b66b80f84b""]",1,28,0,0,0,0,0,"[""macula-greek""]","{""greek"":28}",1,0,3,0ba1b74433e2e4f30ec174c0ebc2fdc4b3b9d47c4dd9da92f4c08f5f63610fee,fce03ace48b022e6600bf7af4cedbce43fc22f5226ee669cf6779dca11976fb5,38878ace87d38a7d2d225d9580fff8abfed720723d6cb7d4b95d5b86197cfa63,924c67d0ebc2c8fd574e0ae62746b13bd67800a0b6377f8e7f79a7b0376cba5e,c7a5486c843d28c5cb5438ef1dae771565f98d9dfd146ecf8e28f791fee6dbed,passed,critical_core/source:1,PASS
