passage_id,corpus,analysis_profile,analysis_reading,granularity,book,start_reference,end_reference,reference_sequence_json,token_count
P_GNT_CRITICAL_CORE_SOURCE_CLAUSE_MAT_013_004_MAT_013_008~c6c6e28a7958ddeeff49dcf4afa78757dbbaaf2b7779cd22fba2781d4b9d7c91,greek,critical_core,source,clause,MAT,MAT 13:4,MAT 13:8,"[""MAT 13:4"",""MAT 13:5"",""MAT 13:7"",""MAT 13:8""]",4
P_GNT_CRITICAL_CORE_SOURCE_CLAUSE_MRK_004_004_MRK_004_008~1505e4070fc4a8ddeeca650cdf761e2a695c6730e402e40e593f19446fd3268e,greek,critical_core,source,clause,MRK,MRK 4:4,MRK 4:8,"[""MRK 4:4"",""MRK 4:5"",""MRK 4:7"",""MRK 4:8""]",4
P_GNT_CRITICAL_CORE_SOURCE_CLAUSE_MRK_005_025_MRK_005_027~15a2ca0d286a41a420e1a0ae17e701087005b0077797d24e4ba3dd081e7dbad9,greek,critical_core,source,clause,MRK,MRK 5:25,MRK 5:27,"[""MRK 5:25"",""MRK 5:27""]",5
P_GNT_CRITICAL_CORE_SOURCE_CLAUSE_LUK_002_030_LUK_002_032~f525cd619339a3edc5268d8db6f20f2473131c8d3f75b14c333569358051a93e,greek,critical_core,source,clause,LUK,LUK 2:30,LUK 2:32,"[""LUK 2:30"",""LUK 2:32""]",16
P_GNT_CRITICAL_CORE_SOURCE_CLAUSE_ROM_001_001_ROM_001_007~f4adbe1ff49a44ee80c74f6b73b05fd20f4282f2852442fab1f0be27c906dd2e,greek,critical_core,source,clause,ROM,ROM 1:1,ROM 1:7,"[""ROM 1:1"",""ROM 1:7""]",12
P_GNT_CRITICAL_CORE_SOURCE_CLAUSE_ROM_015_018_ROM_015_020~cb1b27ce66d313f3ede9bd5bef89328f4698a9903e1fbf5989d680a1c7534af4,greek,critical_core,source,clause,ROM,ROM 15:18,ROM 15:20,"[""ROM 15:18"",""ROM 15:20""]",2
P_GNT_CRITICAL_CORE_SOURCE_CLAUSE_ROM_016_003_ROM_016_005~d7235f5ddbc4f5324105e3281558e2a1792e3b5ab24ea5fab39100f2450bf1c7,greek,critical_core,source,clause,ROM,ROM 16:3,ROM 16:5,"[""ROM 16:3"",""ROM 16:5""]",16
P_GNT_CRITICAL_CORE_SOURCE_CLAUSE_ROM_016_025_ROM_016_027~da8a23bd20e8de4276391e92fc8ebee23e7918d68507b7ffc96fe24b1040e3f5,greek,critical_core,source,clause,ROM,ROM 16:25,ROM 16:27,"[""ROM 16:25"",""ROM 16:27""]",4
P_GNT_CRITICAL_CORE_SOURCE_CLAUSE_GAL_002_007_GAL_002_009~c9c10e82e7e433fe25d091448af508e3a8f17762e7db6673b1cfeb457f3a028f,greek,critical_core,source,clause,GAL,GAL 2:7,GAL 2:9,"[""GAL 2:7"",""GAL 2:9""]",13
P_GNT_CRITICAL_CORE_SOURCE_CLAUSE_GAL_004_024_GAL_004_026~e343ae6f8c00ff2dfeb5391124a2dc19ad004217c28f17f02573570b4cae8855,greek,critical_core,source,clause,GAL,GAL 4:24,GAL 4:26,"[""GAL 4:24"",""GAL 4:26""]",2
P_GNT_CRITICAL_CORE_SOURCE_CLAUSE_PHP_001_003_PHP_001_005~d3105f392054accbe4352fdb1ca39aa8af714523b6a759a66d68d129b6b1e54f,greek,critical_core,source,clause,PHP,PHP 1:3,PHP 1:5,"[""PHP 1:3"",""PHP 1:5""]",23
P_GNT_CRITICAL_CORE_SOURCE_CLAUSE_1TH_002_005_1TH_002_007~117a00dbfec67470e333079d5c0d463af6d0c844c0ce30a7fa780ae234cb5e48,greek,critical_core,source,clause,1TH,1TH 2:5,1TH 2:7,"[""1TH 2:5"",""1TH 2:7""]",2
P_GNT_CRITICAL_CORE_SOURCE_CLAUSE_1TH_004_004_1TH_004_006~e0cba2df770f6f93381adee94fc5d5ced6b27ed01e0f8cead263ea3dd06a2115,greek,critical_core,source,clause,1TH,1TH 4:4,1TH 4:6,"[""1TH 4:4"",""1TH 4:6""]",4
P_GNT_CRITICAL_CORE_SOURCE_CLAUSE_TIT_001_001_TIT_001_004~331ee83de4d4b76d4e3ed7e557fe31e338ea99c988f14e2cb029188833fb673c,greek,critical_core,source,clause,TIT,TIT 1:1,TIT 1:4,"[""TIT 1:1"",""TIT 1:2"",""TIT 1:4""]",27
P_GNT_CRITICAL_CORE_SOURCE_CLAUSE_HEB_006_004_HEB_006_006~10d51208375d544555f95ec3e23ad352a7a664952c0f523282ecf42a9e2ab24d,greek,critical_core,source,clause,HEB,HEB 6:4,HEB 6:6,"[""HEB 6:4"",""HEB 6:6""]",5
P_GNT_CRITICAL_CORE_SOURCE_CLAUSE_HEB_007_001_HEB_007_003~54c5b0055132e13f62e66755e849fb16d777b5601859338d073a53ea4d0db697,greek,critical_core,source,clause,HEB,HEB 7:1,HEB 7:3,"[""HEB 7:1"",""HEB 7:3""]",19
P_GNT_CRITICAL_CORE_SOURCE_CLAUSE_HEB_008_004_HEB_008_006~0708463179cec2c55742694a289b48ed424804978a289776f111ce28fcf2e4fc,greek,critical_core,source,clause,HEB,HEB 8:4,HEB 8:6,"[""HEB 8:4"",""HEB 8:6""]",2
P_GNT_CRITICAL_CORE_SOURCE_FIVE_VERSE_MAT_017_017_MAT_017_022~139dd7063e98617a28a38babeca8532ec09387df8b88bd2cf25ed84e65700a69,greek,critical_core,source,five_verse,MAT,MAT 17:17,MAT 17:22,"[""MAT 17:17"",""MAT 17:18"",""MAT 17:19"",""MAT 17:20"",""MAT 17:22""]",108
P_GNT_CRITICAL_CORE_SOURCE_FIVE_VERSE_MAT_017_018_MAT_017_023~e146defff5353f165f61d49d744ead58dbef7e68676249dc09ffb8f5efae7136,greek,critical_core,source,five_verse,MAT,MAT 17:18,MAT 17:23,"[""MAT 17:18"",""MAT 17:19"",""MAT 17:20"",""MAT 17:22"",""MAT 17:23""]",96
P_GNT_CRITICAL_CORE_SOURCE_FIVE_VERSE_MAT_017_019_MAT_017_024~a30f76fc9fedc1fc24ba596ba6427f2c3294b53a614844c483c65106d1063c3c,greek,critical_core,source,five_verse,MAT,MAT 17:19,MAT 17:24,"[""MAT 17:19"",""MAT 17:20"",""MAT 17:22"",""MAT 17:23"",""MAT 17:24""]",97
P_GNT_CRITICAL_CORE_SOURCE_FIVE_VERSE_MAT_017_020_MAT_017_025~2d813ebd4ac9cbbea5cd4e06817213f826d27ae632bdcdbd07e249eaad4d4e1e,greek,critical_core,source,five_verse,MAT,MAT 17:20,MAT 17:25,"[""MAT 17:20"",""MAT 17:22"",""MAT 17:23"",""MAT 17:24"",""MAT 17:25""]",115
P_GNT_CRITICAL_CORE_SOURCE_FIVE_VERSE_MAT_018_007_MAT_018_012~27eed334aa19bcca6d8c3abe923eec6d9ca9ee35c87589cabd02d4a738cc07fe,greek,critical_core,source,five_verse,MAT,MAT 18:7,MAT 18:12,"[""MAT 18:7"",""MAT 18:8"",""MAT 18:9"",""MAT 18:10"",""MAT 18:12""]",145
P_GNT_CRITICAL_CORE_SOURCE_FIVE_VERSE_MAT_018_008_MAT_018_013~8c5d7c391daf9dfac9b761a7251fea0889a57226e5953c5b0e6a98ea13e16439,greek,critical_core,source,five_verse,MAT,MAT 18:8,MAT 18:13,"[""MAT 18:8"",""MAT 18:9"",""MAT 18:10"",""MAT 18:12"",""MAT 18:13""]",146
P_GNT_CRITICAL_CORE_SOURCE_FIVE_VERSE_MAT_018_009_MAT_018_014~97757287edffb56b9d470a7c7b1b6218dcb198987c6558c4316ddc317ad115d9,greek,critical_core,source,five_verse,MAT,MAT 18:9,MAT 18:14,"[""MAT 18:9"",""MAT 18:10"",""MAT 18:12"",""MAT 18:13"",""MAT 18:14""]",123
P_GNT_CRITICAL_CORE_SOURCE_FIVE_VERSE_MAT_018_010_MAT_018_015~c562b3cbd029305bd2982e259b564d4ad40ad9e6248342b778f53814f456c462,greek,critical_core,source,five_verse,MAT,MAT 18:10,MAT 18:15,"[""MAT 18:10"",""MAT 18:12"",""MAT 18:13"",""MAT 18:14"",""MAT 18:15""]",113
P_GNT_CRITICAL_CORE_SOURCE_FIVE_VERSE_MAT_023_010_MAT_023_015~f657e7d2dc4c91b6c9e7a4b3b1b6eaf67161298bc0b00f7b31d4cad08c4ed3f8,greek,critical_core,source,five_verse,MAT,MAT 23:10,MAT 23:15,"[""MAT 23:10"",""MAT 23:11"",""MAT 23:12"",""MAT 23:13"",""MAT 23:15""]",77
P_GNT_CRITICAL_CORE_SOURCE_FIVE_VERSE_MAT_023_011_MAT_023_016~d56f0f9e603e3ea23c6f5ed6134b6acbad287453531edcf4d7307522fbbf762a,greek,critical_core,source,five_verse,MAT,MAT 23:11,MAT 23:16,"[""MAT 23:11"",""MAT 23:12"",""MAT 23:13"",""MAT 23:15"",""MAT 23:16""]",91
P_GNT_CRITICAL_CORE_SOURCE_FIVE_VERSE_MAT_023_012_MAT_023_017~50bf588d788ef6035dd21c2a870bcf89455ecbab6093667d0035caa20e2ebe65,greek,critical_core,source,five_verse,MAT,MAT 23:12,MAT 23:17,"[""MAT 23:12"",""MAT 23:13"",""MAT 23:15"",""MAT 23:16"",""MAT 23:17""]",100
P_GNT_CRITICAL_CORE_SOURCE_FIVE_VERSE_MAT_023_013_MAT_023_018~357981f2223bae66ddbb599d41b3316c34dc25335b1ef0c9d96e1d76aa151421,greek,critical_core,source,five_verse,MAT,MAT 23:13,MAT 23:18,"[""MAT 23:13"",""MAT 23:15"",""MAT 23:16"",""MAT 23:17"",""MAT 23:18""]",110
P_GNT_CRITICAL_CORE_SOURCE_FIVE_VERSE_MRK_007_012_MRK_007_017~cf8b2483560bcd702d344bdfc59a48185061747fb8cf8b27eda8ff03d1dd1421,greek,critical_core,source,five_verse,MRK,MRK 7:12,MRK 7:17,"[""MRK 7:12"",""MRK 7:13"",""MRK 7:14"",""MRK 7:15"",""MRK 7:17""]",75
P_GNT_CRITICAL_CORE_SOURCE_FIVE_VERSE_MRK_007_013_MRK_007_018~01a2b94125b9ca84779d1c7879345726a8e4f0badba27190ffd9c9e62a9714c2,greek,critical_core,source,five_verse,MRK,MRK 7:13,MRK 7:18,"[""MRK 7:13"",""MRK 7:14"",""MRK 7:15"",""MRK 7:17"",""MRK 7:18""]",87
P_GNT_CRITICAL_CORE_SOURCE_FIVE_VERSE_MRK_007_014_MRK_007_019~bde42476c341445b131ed0aa43fbe15217321f6d22c69330c8bb5d373d294632,greek,critical_core,source,five_verse,MRK,MRK 7:14,MRK 7:19,"[""MRK 7:14"",""MRK 7:15"",""MRK 7:17"",""MRK 7:18"",""MRK 7:19""]",92
P_GNT_CRITICAL_CORE_SOURCE_FIVE_VERSE_MRK_007_015_MRK_007_020~06235dcc7e7cc85a745ba16e2f5e7a0f01b4bed3f262b3fd9a5539bf8ea73a51,greek,critical_core,source,five_verse,MRK,MRK 7:15,MRK 7:20,"[""MRK 7:15"",""MRK 7:17"",""MRK 7:18"",""MRK 7:19"",""MRK 7:20""]",92
P_GNT_CRITICAL_CORE_SOURCE_FIVE_VERSE_MRK_009_040_MRK_009_045~cbee05d2236e973d95adc0cb49337ff2b62ec196c24e50aa7edb4f4897e2ac92,greek,critical_core,source,five_verse,MRK,MRK 9:40,MRK 9:45,"[""MRK 9:40"",""MRK 9:41"",""MRK 9:42"",""MRK 9:43"",""MRK 9:45""]",115
P_GNT_CRITICAL_CORE_SOURCE_FIVE_VERSE_MRK_009_041_MRK_009_047~11b68c31afecd08ca2345f100cfe13c3389f83e4c464f8679082f8be6230f414,greek,critical_core,source,five_verse,MRK,MRK 9:41,MRK 9:47,"[""MRK 9:41"",""MRK 9:42"",""MRK 9:43"",""MRK 9:45"",""MRK 9:47""]",133
P_GNT_CRITICAL_CORE_SOURCE_FIVE_VERSE_MRK_009_042_MRK_009_048~4ef148bcda4564111d2a4bfa4b87411a23551412c6b24367f1c9733b62994c83,greek,critical_core,source,five_verse,MRK,MRK 9:42,MRK 9:48,"[""MRK 9:42"",""MRK 9:43"",""MRK 9:45"",""MRK 9:47"",""MRK 9:48""]",122
P_GNT_CRITICAL_CORE_SOURCE_FIVE_VERSE_MRK_009_043_MRK_009_049~42533bf5f1f709ed7a00e643de5bd23152a58bc7fb73d27fb5e26c7307da74e5,greek,critical_core,source,five_verse,MRK,MRK 9:43,MRK 9:49,"[""MRK 9:43"",""MRK 9:45"",""MRK 9:47"",""MRK 9:48"",""MRK 9:49""]",99
P_GNT_CRITICAL_CORE_SOURCE_FIVE_VERSE_MRK_009_045_MRK_009_050~69cc8e13f76905c6828a47ea07f8ff69c930a54d8bc40f2bcec4be218f811ff6,greek,critical_core,source,five_verse,MRK,MRK 9:45,MRK 9:50,"[""MRK 9:45"",""MRK 9:47"",""MRK 9:48"",""MRK 9:49"",""MRK 9:50""]",89
P_GNT_CRITICAL_CORE_SOURCE_FIVE_VERSE_MRK_011_022_MRK_011_027~6385a237cccd02528f76926c0733bd19090cc362856043468bfec2157dfcc81c,greek,critical_core,source,five_verse,MRK,MRK 11:22,MRK 11:27,"[""MRK 11:22"",""MRK 11:23"",""MRK 11:24"",""MRK 11:25"",""MRK 11:27""]",101
P_GNT_CRITICAL_CORE_SOURCE_FIVE_VERSE_MRK_011_023_MRK_011_028~bfc9701e1706566359996d4c7a7892cf614882c6da10f7eccb066cffd9744847,greek,critical_core,source,five_verse,MRK,MRK 11:23,MRK 11:28,"[""MRK 11:23"",""MRK 11:24"",""MRK 11:25"",""MRK 11:27"",""MRK 11:28""]",110
P_GNT_CRITICAL_CORE_SOURCE_FIVE_VERSE_MRK_011_024_MRK_011_029~39ae94a45603259399e7395bf3d0d93a11a6d54fe0763c46a62a1b6454987f29,greek,critical_core,source,five_verse,MRK,MRK 11:24,MRK 11:29,"[""MRK 11:24"",""MRK 11:25"",""MRK 11:27"",""MRK 11:28"",""MRK 11:29""]",99
P_GNT_CRITICAL_CORE_SOURCE_FIVE_VERSE_MRK_011_025_MRK_011_030~c615b8da162f6bba6ae083a93ad6efe25458e5b9e3cebb9ffb4d6a424d46c855,greek,critical_core,source,five_verse,MRK,MRK 11:25,MRK 11:30,"[""MRK 11:25"",""MRK 11:27"",""MRK 11:28"",""MRK 11:29"",""MRK 11:30""]",96
P_GNT_CRITICAL_CORE_SOURCE_FIVE_VERSE_MRK_015_024_MRK_015_029~8e44ce3b6544ef7ef84932a611edb1e24a6da889955326ca3d85ba69cfcc17b5,greek,critical_core,source,five_verse,MRK,MRK 15:24,MRK 15:29,"[""MRK 15:24"",""MRK 15:25"",""MRK 15:26"",""MRK 15:27"",""MRK 15:29""]",69
P_GNT_CRITICAL_CORE_SOURCE_FIVE_VERSE_MRK_015_025_MRK_015_030~0338e9f6a92e1b03e6b426abd47167f5d6168ae90edbc51e03c983cf7589ef96,greek,critical_core,source,five_verse,MRK,MRK 15:25,MRK 15:30,"[""MRK 15:25"",""MRK 15:26"",""MRK 15:27"",""MRK 15:29"",""MRK 15:30""]",60
P_GNT_CRITICAL_CORE_SOURCE_FIVE_VERSE_MRK_015_026_MRK_015_031~693feaa3e55c790501e56d266b4ec134ea991dcc3c49c57bcd344a2bea20dce4,greek,critical_core,source,five_verse,MRK,MRK 15:26,MRK 15:31,"[""MRK 15:26"",""MRK 15:27"",""MRK 15:29"",""MRK 15:30"",""MRK 15:31""]",70
P_GNT_CRITICAL_CORE_SOURCE_FIVE_VERSE_MRK_015_027_MRK_015_032~c5aa923b1022f975de7a09c1bbaf5a58a66a37bceb5a320b2178648987cbb242,greek,critical_core,source,five_verse,MRK,MRK 15:27,MRK 15:32,"[""MRK 15:27"",""MRK 15:29"",""MRK 15:30"",""MRK 15:31"",""MRK 15:32""]",79
P_GNT_CRITICAL_CORE_SOURCE_FIVE_VERSE_LUK_017_032_LUK_017_037~26ce6face73293fd96b9a28db1987f47c90633190cd9e483c09c78b20139353a,greek,critical_core,source,five_verse,LUK,LUK 17:32,LUK 17:37,"[""LUK 17:32"",""LUK 17:33"",""LUK 17:34"",""LUK 17:35"",""LUK 17:37""]",67
P_GNT_CRITICAL_CORE_SOURCE_FIVE_VERSE_LUK_017_033_LUK_018_001~ceb64035ce197314e2f45e228ae37577481872c621457ef3580890872dbbe333,greek,critical_core,source,five_verse,LUK,LUK 17:33,LUK 18:1,"[""LUK 17:33"",""LUK 17:34"",""LUK 17:35"",""LUK 17:37"",""LUK 18:1""]",76
P_GNT_CRITICAL_CORE_SOURCE_FIVE_VERSE_LUK_017_034_LUK_018_002~285a7a7dfabc29a33123661481a3aafef7703ba8b5211ce88e68dedcbebcc0a3,greek,critical_core,source,five_verse,LUK,LUK 17:34,LUK 18:2,"[""LUK 17:34"",""LUK 17:35"",""LUK 17:37"",""LUK 18:1"",""LUK 18:2""]",76
P_GNT_CRITICAL_CORE_SOURCE_FIVE_VERSE_LUK_017_035_LUK_018_003~cb508dcdd8275b3c404fae476b00fc475eeb59443b205cd104a807f8f5bfd430,greek,critical_core,source,five_verse,LUK,LUK 17:35,LUK 18:3,"[""LUK 17:35"",""LUK 17:37"",""LUK 18:1"",""LUK 18:2"",""LUK 18:3""]",77
P_GNT_CRITICAL_CORE_SOURCE_FIVE_VERSE_LUK_023_013_LUK_023_018~ae0908850136f49902d52ad90013296461e42c21c072b1de51eda29a597d41ef,greek,critical_core,source,five_verse,LUK,LUK 23:13,LUK 23:18,"[""LUK 23:13"",""LUK 23:14"",""LUK 23:15"",""LUK 23:16"",""LUK 23:18""]",71
P_GNT_CRITICAL_CORE_SOURCE_FIVE_VERSE_LUK_023_014_LUK_023_019~aaacfd56702336e6cc1ce80d122798250a65c1488434bd486fe0b72518c815f2,greek,critical_core,source,five_verse,LUK,LUK 23:14,LUK 23:19,"[""LUK 23:14"",""LUK 23:15"",""LUK 23:16"",""LUK 23:18"",""LUK 23:19""]",75
P_GNT_CRITICAL_CORE_SOURCE_FIVE_VERSE_LUK_023_015_LUK_023_020~0315a52553c062fbd26083ccc3b91c77db43993aa6860ef03af66f3c4a93dc3c,greek,critical_core,source,five_verse,LUK,LUK 23:15,LUK 23:20,"[""LUK 23:15"",""LUK 23:16"",""LUK 23:18"",""LUK 23:19"",""LUK 23:20""]",56
P_GNT_CRITICAL_CORE_SOURCE_FIVE_VERSE_LUK_023_016_LUK_023_021~28627712d47a7ec423d21b409a39532dead130e69a72edbd565b8e027c823898,greek,critical_core,source,five_verse,LUK,LUK 23:16,LUK 23:21,"[""LUK 23:16"",""LUK 23:18"",""LUK 23:19"",""LUK 23:20"",""LUK 23:21""]",47
P_GNT_CRITICAL_CORE_SOURCE_FIVE_VERSE_ACT_008_033_ACT_008_038~d4511025f09faad2d7370d0bdcb65326f040b671b3443d05e4b5e899229e7bc0,greek,critical_core,source,five_verse,ACT,ACT 8:33,ACT 8:38,"[""ACT 8:33"",""ACT 8:34"",""ACT 8:35"",""ACT 8:36"",""ACT 8:38""]",98
P_GNT_CRITICAL_CORE_SOURCE_FIVE_VERSE_ACT_008_034_ACT_008_039~3c16232ab0a566ac604fe6356d0e455c6a08319bf3d24c34ccaa67064c3073bf,greek,critical_core,source,five_verse,ACT,ACT 8:34,ACT 8:39,"[""ACT 8:34"",""ACT 8:35"",""ACT 8:36"",""ACT 8:38"",""ACT 8:39""]",102
P_GNT_CRITICAL_CORE_SOURCE_FIVE_VERSE_ACT_008_035_ACT_008_040~7dde0a4aed66ed0ab275dc2b7d600ebed2b4d2b0dcd46ad8d9a184e0dacb7eec,greek,critical_core,source,five_verse,ACT,ACT 8:35,ACT 8:40,"[""ACT 8:35"",""ACT 8:36"",""ACT 8:38"",""ACT 8:39"",""ACT 8:40""]",98
P_GNT_CRITICAL_CORE_SOURCE_FIVE_VERSE_ACT_008_036_ACT_009_001~08020ad7938f0707fffa2875afdbcfe62a18f07102d999cba56172bc95de3b04,greek,critical_core,source,five_verse,ACT,ACT 8:36,ACT 9:1,"[""ACT 8:36"",""ACT 8:38"",""ACT 8:39"",""ACT 8:40"",""ACT 9:1""]",97
P_GNT_CRITICAL_CORE_SOURCE_FIVE_VERSE_ACT_015_030_ACT_015_035~712ca8e0578660003d4dc2e2a053a9ca8c0e88e15e51c51aa74288c21846471d,greek,critical_core,source,five_verse,ACT,ACT 15:30,ACT 15:35,"[""ACT 15:30"",""ACT 15:31"",""ACT 15:32"",""ACT 15:33"",""ACT 15:35""]",67
P_GNT_CRITICAL_CORE_SOURCE_FIVE_VERSE_ACT_015_031_ACT_015_036~7b1ae84cb84a5fa88a1824297491ecb2dcc80c0f6d15ce8eef141b95da3304d7,greek,critical_core,source,five_verse,ACT,ACT 15:31,ACT 15:36,"[""ACT 15:31"",""ACT 15:32"",""ACT 15:33"",""ACT 15:35"",""ACT 15:36""]",78
P_GNT_CRITICAL_CORE_SOURCE_FIVE_VERSE_ACT_015_032_ACT_015_037~a529ed85684562c9aeff25cb275da4af5fa34a394a5400689513f821ef5957e8,greek,critical_core,source,five_verse,ACT,ACT 15:32,ACT 15:37,"[""ACT 15:32"",""ACT 15:33"",""ACT 15:35"",""ACT 15:36"",""ACT 15:37""]",82
P_GNT_CRITICAL_CORE_SOURCE_FIVE_VERSE_ACT_015_033_ACT_015_038~c5542f5bfd6073620d1b2442fa9494a236f698735b8d2d1c34e934095cc14da8,greek,critical_core,source,five_verse,ACT,ACT 15:33,ACT 15:38,"[""ACT 15:33"",""ACT 15:35"",""ACT 15:36"",""ACT 15:37"",""ACT 15:38""]",85
P_GNT_CRITICAL_CORE_SOURCE_FIVE_VERSE_ACT_024_003_ACT_024_008~7107df43ffa5be251efa90893286e6665cf4f31c8858d92ce21ba98d32de9e4e,greek,critical_core,source,five_verse,ACT,ACT 24:3,ACT 24:8,"[""ACT 24:3"",""ACT 24:4"",""ACT 24:5"",""ACT 24:6"",""ACT 24:8""]",69
P_GNT_CRITICAL_CORE_SOURCE_FIVE_VERSE_ACT_024_004_ACT_024_009~ef2305c90f80a93cdef3ab1b004684f33ada511e63eb3569884de2d951a2968b,greek,critical_core,source,five_verse,ACT,ACT 24:4,ACT 24:9,"[""ACT 24:4"",""ACT 24:5"",""ACT 24:6"",""ACT 24:8"",""ACT 24:9""]",68
P_GNT_CRITICAL_CORE_SOURCE_FIVE_VERSE_ACT_024_005_ACT_024_010~6c9aaffc01e20a038c8a1405b9c2fc9e4f5de8dc108d1efc6f396a827f5afd62,greek,critical_core,source,five_verse,ACT,ACT 24:5,ACT 24:10,"[""ACT 24:5"",""ACT 24:6"",""ACT 24:8"",""ACT 24:9"",""ACT 24:10""]",77
P_GNT_CRITICAL_CORE_SOURCE_FIVE_VERSE_ACT_024_006_ACT_024_011~20a409c8306e88b3e8395cc06d0ab685e81b01321b214a0944daf0294e929436,greek,critical_core,source,five_verse,ACT,ACT 24:6,ACT 24:11,"[""ACT 24:6"",""ACT 24:8"",""ACT 24:9"",""ACT 24:10"",""ACT 24:11""]",71
P_GNT_CRITICAL_CORE_SOURCE_FIVE_VERSE_ACT_028_025_ACT_028_030~d678f644151284d342e8db2d09472aaa86522450e46c9b5a4acd08914d18877b,greek,critical_core,source,five_verse,ACT,ACT 28:25,ACT 28:30,"[""ACT 28:25"",""ACT 28:26"",""ACT 28:27"",""ACT 28:28"",""ACT 28:30""]",112
P_GNT_CRITICAL_CORE_SOURCE_FIVE_VERSE_ACT_028_026_ACT_028_031~82147b7436bebc8aa355d2cf847acc4956715f9421c0946a99cd77e15118ca7c,greek,critical_core,source,five_verse,ACT,ACT 28:26,ACT 28:31,"[""ACT 28:26"",""ACT 28:27"",""ACT 28:28"",""ACT 28:30"",""ACT 28:31""]",103
P_GNT_CRITICAL_CORE_SOURCE_FIVE_VERSE_ROM_016_020_ROM_016_025~0cb53e6a9fdbf2ed3a143f9610a2fbed37b1044f00182f676879bc219e3d836d,greek,critical_core,source,five_verse,ROM,ROM 16:20,ROM 16:25,"[""ROM 16:20"",""ROM 16:21"",""ROM 16:22"",""ROM 16:23"",""ROM 16:25""]",88
P_GNT_CRITICAL_CORE_SOURCE_FIVE_VERSE_ROM_016_021_ROM_016_026~2069d8df7a4e2a29dca6ae71ee3ddc439928e7f216db5a28a2b62545233113ba,greek,critical_core,source,five_verse,ROM,ROM 16:21,ROM 16:26,"[""ROM 16:21"",""ROM 16:22"",""ROM 16:23"",""ROM 16:25"",""ROM 16:26""]",86
P_GNT_CRITICAL_CORE_SOURCE_FIVE_VERSE_ROM_016_022_ROM_016_027~540e372969f0319d3bb098419d94455221858f3dd1fbaf1933483b8184e5e0c0,greek,critical_core,source,five_verse,ROM,ROM 16:22,ROM 16:27,"[""ROM 16:22"",""ROM 16:23"",""ROM 16:25"",""ROM 16:26"",""ROM 16:27""]",86
P_GNT_CRITICAL_CORE_SOURCE_SENTENCE_ACT_024_005_ACT_024_008~a5315fb61d21efe7ce574e1c9f57200f60d98e7eede66a73be6a70747d7f5a1d,greek,critical_core,source,sentence,ACT,ACT 24:5,ACT 24:8,"[""ACT 24:5"",""ACT 24:6"",""ACT 24:8""]",44
P_GNT_CRITICAL_CORE_SOURCE_TWO_VERSE_MAT_017_020_MAT_017_022~5787e4bb2f54c11b413173ab734c93dfd71c6bf3ed8f71e0ee08a5448ceb2789,greek,critical_core,source,two_verse,MAT,MAT 17:20,MAT 17:22,"[""MAT 17:20"",""MAT 17:22""]",50
P_GNT_CRITICAL_CORE_SOURCE_TWO_VERSE_MAT_018_010_MAT_018_012~701c6ec6a7708320c076e13434c933b38bb5c650b1c90f7eeed8fbdad0642ca3,greek,critical_core,source,two_verse,MAT,MAT 18:10,MAT 18:12,"[""MAT 18:10"",""MAT 18:12""]",54
P_GNT_CRITICAL_CORE_SOURCE_TWO_VERSE_MAT_023_013_MAT_023_015~793dae793e7cfaaf21ce872a2c748f2e29f82178a795b5ce68d9683b9772429c,greek,critical_core,source,two_verse,MAT,MAT 23:13,MAT 23:15,"[""MAT 23:13"",""MAT 23:15""]",50
P_GNT_CRITICAL_CORE_SOURCE_TWO_VERSE_MRK_007_015_MRK_007_017~5db7dd9fec0711380a6594ee9a36197c85e03a304a4db3a7d32bb0aa636fb9cb,greek,critical_core,source,two_verse,MRK,MRK 7:15,MRK 7:17,"[""MRK 7:15"",""MRK 7:17""]",38
P_GNT_CRITICAL_CORE_SOURCE_TWO_VERSE_MRK_009_043_MRK_009_045~37fa762f8923c82ae91ee3fa6b34f372106ad277fd80b800387ccc22b74bbbb9,greek,critical_core,source,two_verse,MRK,MRK 9:43,MRK 9:45,"[""MRK 9:43"",""MRK 9:45""]",57
P_GNT_CRITICAL_CORE_SOURCE_TWO_VERSE_MRK_009_045_MRK_009_047~676a342944c700d45c2daa1fb2b2d3cca020cf6b2eeac7333d1afd392311c851,greek,critical_core,source,two_verse,MRK,MRK 9:45,MRK 9:47,"[""MRK 9:45"",""MRK 9:47""]",53
P_GNT_CRITICAL_CORE_SOURCE_TWO_VERSE_MRK_011_025_MRK_011_027~88903b4e21ff321093ee979e4414ad2603de4ee80e0826c076f155a3df879093,greek,critical_core,source,two_verse,MRK,MRK 11:25,MRK 11:27,"[""MRK 11:25"",""MRK 11:27""]",46
P_GNT_CRITICAL_CORE_SOURCE_TWO_VERSE_MRK_015_027_MRK_015_029~1803b2e933bc9a7e2a4ace3bf03eaf84ae9f59192cb2d6beae8d316239e7ff41,greek,critical_core,source,two_verse,MRK,MRK 15:27,MRK 15:29,"[""MRK 15:27"",""MRK 15:29""]",35
P_GNT_CRITICAL_CORE_SOURCE_TWO_VERSE_LUK_017_035_LUK_017_037~9e60908edadb8201999d4269bc420fc9170798c4fcb8039c85cc7b2a621d0714,greek,critical_core,source,two_verse,LUK,LUK 17:35,LUK 17:37,"[""LUK 17:35"",""LUK 17:37""]",31
P_GNT_CRITICAL_CORE_SOURCE_TWO_VERSE_LUK_023_016_LUK_023_018~16d75f0eb6ddb4f62142807fec223fed585e3b9476025a957b2c03efbc275084,greek,critical_core,source,two_verse,LUK,LUK 23:16,LUK 23:18,"[""LUK 23:16"",""LUK 23:18""]",15
P_GNT_CRITICAL_CORE_SOURCE_TWO_VERSE_ACT_008_036_ACT_008_038~b033ee1a0f114865ddf58ff944d905e7f25d9aab851e496b87b37cee13b2d9b5,greek,critical_core,source,two_verse,ACT,ACT 8:36,ACT 8:38,"[""ACT 8:36"",""ACT 8:38""]",40
P_GNT_CRITICAL_CORE_SOURCE_TWO_VERSE_ACT_015_033_ACT_015_035~d76b867b4f9c8fb0827817c3f200562eefc56fe6c4a33c07be89ec5ac3ad6638,greek,critical_core,source,two_verse,ACT,ACT 15:33,ACT 15:35,"[""ACT 15:33"",""ACT 15:35""]",31
P_GNT_CRITICAL_CORE_SOURCE_TWO_VERSE_ACT_024_006_ACT_024_008~6ab460cae5feb44c97c5e7ef1089b0e4c9268738602883efc72dd7d0132ccf77,greek,critical_core,source,two_verse,ACT,ACT 24:6,ACT 24:8,"[""ACT 24:6"",""ACT 24:8""]",22
P_GNT_CRITICAL_CORE_SOURCE_TWO_VERSE_ACT_028_028_ACT_028_030~ea047a46c2077c29829f8c52e92ac1d99bf46d2266cf669b8ae9dc5cac34e82f,greek,critical_core,source,two_verse,ACT,ACT 28:28,ACT 28:30,"[""ACT 28:28"",""ACT 28:30""]",30
P_GNT_CRITICAL_CORE_SOURCE_TWO_VERSE_ROM_016_023_ROM_016_025~71510ea28fcfd9fd6ba6340ac9df6a84352cfe477d3485e43821ddcb1a254d1b,greek,critical_core,source,two_verse,ROM,ROM 16:23,ROM 16:25,"[""ROM 16:23"",""ROM 16:25""]",41
P_GNT_EDITION_COMPLETE_SOURCE_CLAUSE_MAT_013_004_MAT_013_008~9218c975689c1d8dfe61ddf71dc746f6bc865df3ad3db5d20345a8504e35ff83,greek,edition_complete,source,clause,MAT,MAT 13:4,MAT 13:8,"[""MAT 13:4"",""MAT 13:5"",""MAT 13:7"",""MAT 13:8""]",4
P_GNT_EDITION_COMPLETE_SOURCE_CLAUSE_MRK_004_004_MRK_004_008~a9bf58b029e322671f68d90af862a2a3689fcda830731b0cedbbc02061bb7e3d,greek,edition_complete,source,clause,MRK,MRK 4:4,MRK 4:8,"[""MRK 4:4"",""MRK 4:5"",""MRK 4:7"",""MRK 4:8""]",4
P_GNT_EDITION_COMPLETE_SOURCE_CLAUSE_MRK_005_025_MRK_005_027~4e5eb4e267021261db49ad09d41f5eb9b5eca53d5d4b8b2225800971f5c79214,greek,edition_complete,source,clause,MRK,MRK 5:25,MRK 5:27,"[""MRK 5:25"",""MRK 5:27""]",5
P_GNT_EDITION_COMPLETE_SOURCE_CLAUSE_LUK_002_030_LUK_002_032~43d0c4f761f6c3edc561b27936f5b21a552f3d8c2708733ed24a14d90cfe8d69,greek,edition_complete,source,clause,LUK,LUK 2:30,LUK 2:32,"[""LUK 2:30"",""LUK 2:32""]",16
P_GNT_EDITION_COMPLETE_SOURCE_CLAUSE_ROM_001_001_ROM_001_007~af84a7d4d31dd2283cdfe4d8e432011be7385e8ce9b1c47c68ce96433508c2fd,greek,edition_complete,source,clause,ROM,ROM 1:1,ROM 1:7,"[""ROM 1:1"",""ROM 1:7""]",12
P_GNT_EDITION_COMPLETE_SOURCE_CLAUSE_ROM_015_018_ROM_015_020~5c8822230d4ac6cf06e161b4d3d6651387f42946991075885c1cf7e5d4f998ee,greek,edition_complete,source,clause,ROM,ROM 15:18,ROM 15:20,"[""ROM 15:18"",""ROM 15:20""]",2
P_GNT_EDITION_COMPLETE_SOURCE_CLAUSE_ROM_016_003_ROM_016_005~69982679ba687933cfc5517bd2c508a1898a034442e732591a48668737220371,greek,edition_complete,source,clause,ROM,ROM 16:3,ROM 16:5,"[""ROM 16:3"",""ROM 16:5""]",16
P_GNT_EDITION_COMPLETE_SOURCE_CLAUSE_ROM_016_025_ROM_016_027~032ca285d9ed9459900235c747b398a81c3606121f101cbd4133e1cda62015a7,greek,edition_complete,source,clause,ROM,ROM 16:25,ROM 16:27,"[""ROM 16:25"",""ROM 16:27""]",4
P_GNT_EDITION_COMPLETE_SOURCE_CLAUSE_GAL_002_007_GAL_002_009~8e285ae3902194b56c6b560a1a3ec34f9fa52cada45e009d6cc13ebd901096a8,greek,edition_complete,source,clause,GAL,GAL 2:7,GAL 2:9,"[""GAL 2:7"",""GAL 2:9""]",13
P_GNT_EDITION_COMPLETE_SOURCE_CLAUSE_GAL_004_024_GAL_004_026~34908b98c16f24d90290a6b859ad95146ff64615c1cf88efd97ccc5dacd422bb,greek,edition_complete,source,clause,GAL,GAL 4:24,GAL 4:26,"[""GAL 4:24"",""GAL 4:26""]",2
P_GNT_EDITION_COMPLETE_SOURCE_CLAUSE_PHP_001_003_PHP_001_005~a4e2ae641997308cb94604547e72aa5fcea412e98de1bc3b65c9a8a2c38f2e0b,greek,edition_complete,source,clause,PHP,PHP 1:3,PHP 1:5,"[""PHP 1:3"",""PHP 1:5""]",23
P_GNT_EDITION_COMPLETE_SOURCE_CLAUSE_1TH_002_005_1TH_002_007~2b6e0d60bcca5066b0a054993db599a46588ba6f113ad2ebfc0748e858091619,greek,edition_complete,source,clause,1TH,1TH 2:5,1TH 2:7,"[""1TH 2:5"",""1TH 2:7""]",2
P_GNT_EDITION_COMPLETE_SOURCE_CLAUSE_1TH_004_004_1TH_004_006~b2f7afcf1e87f26de9d1441ccf34d879a18957d703ab548610d0540e89ed65b2,greek,edition_complete,source,clause,1TH,1TH 4:4,1TH 4:6,"[""1TH 4:4"",""1TH 4:6""]",4
P_GNT_EDITION_COMPLETE_SOURCE_CLAUSE_TIT_001_001_TIT_001_004~159470320805bb9286493d01dbed9d6c9b4c82130ef7aba5fbc6e3cdc14ff1d9,greek,edition_complete,source,clause,TIT,TIT 1:1,TIT 1:4,"[""TIT 1:1"",""TIT 1:2"",""TIT 1:4""]",27
P_GNT_EDITION_COMPLETE_SOURCE_CLAUSE_HEB_006_004_HEB_006_006~0c73e5d233e3c76e4ea53efc475c58c2bc70a1166aac82603deb76b103c2a108,greek,edition_complete,source,clause,HEB,HEB 6:4,HEB 6:6,"[""HEB 6:4"",""HEB 6:6""]",5
P_GNT_EDITION_COMPLETE_SOURCE_CLAUSE_HEB_007_001_HEB_007_003~a09afb8f79bc793ac3bdf6cc7c3d586f035b9673ac921d6bab5e2bdd291eca66,greek,edition_complete,source,clause,HEB,HEB 7:1,HEB 7:3,"[""HEB 7:1"",""HEB 7:3""]",19
P_GNT_EDITION_COMPLETE_SOURCE_CLAUSE_HEB_008_004_HEB_008_006~bbdee27dea8e04c630a0aa71e3e8415e6dee674117b20e1eb949502afe10e071,greek,edition_complete,source,clause,HEB,HEB 8:4,HEB 8:6,"[""HEB 8:4"",""HEB 8:6""]",2
P_GNT_EDITION_COMPLETE_SOURCE_FIVE_VERSE_MAT_017_017_MAT_017_022~912649edc6bdf9d8d5c21ead53d7ada4bdf6bc1b479f629c5d692125852df91e,greek,edition_complete,source,five_verse,MAT,MAT 17:17,MAT 17:22,"[""MAT 17:17"",""MAT 17:18"",""MAT 17:19"",""MAT 17:20"",""MAT 17:22""]",108
P_GNT_EDITION_COMPLETE_SOURCE_FIVE_VERSE_MAT_017_018_MAT_017_023~d9cd1d610b50999a6e26f09f41080f2614a94fda175636704554b1e47145e8f9,greek,edition_complete,source,five_verse,MAT,MAT 17:18,MAT 17:23,"[""MAT 17:18"",""MAT 17:19"",""MAT 17:20"",""MAT 17:22"",""MAT 17:23""]",96
P_GNT_EDITION_COMPLETE_SOURCE_FIVE_VERSE_MAT_017_019_MAT_017_024~09847c5dc9787ff369e692ef35a09101202c68bb91cb39ba65f7a46cd9256248,greek,edition_complete,source,five_verse,MAT,MAT 17:19,MAT 17:24,"[""MAT 17:19"",""MAT 17:20"",""MAT 17:22"",""MAT 17:23"",""MAT 17:24""]",97
P_GNT_EDITION_COMPLETE_SOURCE_FIVE_VERSE_MAT_017_020_MAT_017_025~0d03a0f40e653f54760f2770bd22e5e2889a94ab5caffba478aee08c823ed4fa,greek,edition_complete,source,five_verse,MAT,MAT 17:20,MAT 17:25,"[""MAT 17:20"",""MAT 17:22"",""MAT 17:23"",""MAT 17:24"",""MAT 17:25""]",115
P_GNT_EDITION_COMPLETE_SOURCE_FIVE_VERSE_MAT_018_007_MAT_018_012~ebc679d09b196c3431f3715cc997ef7885e7269982eae5c90763c7bf49f0690b,greek,edition_complete,source,five_verse,MAT,MAT 18:7,MAT 18:12,"[""MAT 18:7"",""MAT 18:8"",""MAT 18:9"",""MAT 18:10"",""MAT 18:12""]",145
P_GNT_EDITION_COMPLETE_SOURCE_FIVE_VERSE_MAT_018_008_MAT_018_013~e13b08343f03c5057a1550a2f51aa28ae5e3edf505ec43e454b6e5f3cda4928c,greek,edition_complete,source,five_verse,MAT,MAT 18:8,MAT 18:13,"[""MAT 18:8"",""MAT 18:9"",""MAT 18:10"",""MAT 18:12"",""MAT 18:13""]",146
P_GNT_EDITION_COMPLETE_SOURCE_FIVE_VERSE_MAT_018_009_MAT_018_014~785f83c104f73d739280e16056c092a2c4a121cd1649cf4d5d87a0abc571d5e4,greek,edition_complete,source,five_verse,MAT,MAT 18:9,MAT 18:14,"[""MAT 18:9"",""MAT 18:10"",""MAT 18:12"",""MAT 18:13"",""MAT 18:14""]",123
P_GNT_EDITION_COMPLETE_SOURCE_FIVE_VERSE_MAT_018_010_MAT_018_015~f9b32f000844eb2f0e50eb28f5f026f4793ff15644e2b0994beaaa5b4cc6ec01,greek,edition_complete,source,five_verse,MAT,MAT 18:10,MAT 18:15,"[""MAT 18:10"",""MAT 18:12"",""MAT 18:13"",""MAT 18:14"",""MAT 18:15""]",113
P_GNT_EDITION_COMPLETE_SOURCE_FIVE_VERSE_MAT_023_010_MAT_023_015~bf2f84e8803a45ec637893d8d50644e830da019bf55c55f12123fdab99ef667e,greek,edition_complete,source,five_verse,MAT,MAT 23:10,MAT 23:15,"[""MAT 23:10"",""MAT 23:11"",""MAT 23:12"",""MAT 23:13"",""MAT 23:15""]",77
P_GNT_EDITION_COMPLETE_SOURCE_FIVE_VERSE_MAT_023_011_MAT_023_016~6f187d1837f2e5acad0442b3b05a9b9c85554d3d34f5d52040f6f09b8219ae37,greek,edition_complete,source,five_verse,MAT,MAT 23:11,MAT 23:16,"[""MAT 23:11"",""MAT 23:12"",""MAT 23:13"",""MAT 23:15"",""MAT 23:16""]",91
P_GNT_EDITION_COMPLETE_SOURCE_FIVE_VERSE_MAT_023_012_MAT_023_017~94f6bba17c47ec4c5810be2fe3f947c79f02e5f86091ebc3474154f59df8b7af,greek,edition_complete,source,five_verse,MAT,MAT 23:12,MAT 23:17,"[""MAT 23:12"",""MAT 23:13"",""MAT 23:15"",""MAT 23:16"",""MAT 23:17""]",100
P_GNT_EDITION_COMPLETE_SOURCE_FIVE_VERSE_MAT_023_013_MAT_023_018~8f6b836fd001fe53df9576c69d9fa8a8b4dfd9bf7451d50aaebf591727fec11e,greek,edition_complete,source,five_verse,MAT,MAT 23:13,MAT 23:18,"[""MAT 23:13"",""MAT 23:15"",""MAT 23:16"",""MAT 23:17"",""MAT 23:18""]",110
P_GNT_EDITION_COMPLETE_SOURCE_FIVE_VERSE_MRK_007_012_MRK_007_017~22ab1f922b450c601e20f61920eab4aba3cca03b3a5f8a0a856b8b6625a4cd0c,greek,edition_complete,source,five_verse,MRK,MRK 7:12,MRK 7:17,"[""MRK 7:12"",""MRK 7:13"",""MRK 7:14"",""MRK 7:15"",""MRK 7:17""]",75
P_GNT_EDITION_COMPLETE_SOURCE_FIVE_VERSE_MRK_007_013_MRK_007_018~43da66fbbbe147a1da35d7762f8e01a465703b8b35f3d6dc0170cd85df21968c,greek,edition_complete,source,five_verse,MRK,MRK 7:13,MRK 7:18,"[""MRK 7:13"",""MRK 7:14"",""MRK 7:15"",""MRK 7:17"",""MRK 7:18""]",87
P_GNT_EDITION_COMPLETE_SOURCE_FIVE_VERSE_MRK_007_014_MRK_007_019~6ba2d23ec5f9c4e6701b7cc0343df00b283d10affc6c09a9372920e10dfee042,greek,edition_complete,source,five_verse,MRK,MRK 7:14,MRK 7:19,"[""MRK 7:14"",""MRK 7:15"",""MRK 7:17"",""MRK 7:18"",""MRK 7:19""]",92
P_GNT_EDITION_COMPLETE_SOURCE_FIVE_VERSE_MRK_007_015_MRK_007_020~2f25ff664150c0b564f5c2fd3d91ae40bedccecf8fd621858230301d2a8f7f45,greek,edition_complete,source,five_verse,MRK,MRK 7:15,MRK 7:20,"[""MRK 7:15"",""MRK 7:17"",""MRK 7:18"",""MRK 7:19"",""MRK 7:20""]",92
P_GNT_EDITION_COMPLETE_SOURCE_FIVE_VERSE_MRK_009_040_MRK_009_045~d9389653ed1b9549b78eb247960a3c7052dcc45cf70effcb957654eafa8ac63a,greek,edition_complete,source,five_verse,MRK,MRK 9:40,MRK 9:45,"[""MRK 9:40"",""MRK 9:41"",""MRK 9:42"",""MRK 9:43"",""MRK 9:45""]",115
P_GNT_EDITION_COMPLETE_SOURCE_FIVE_VERSE_MRK_009_041_MRK_009_047~a14096e8330525dfa3c7354ed7552edd3fb35557f923a05f95936f8524272539,greek,edition_complete,source,five_verse,MRK,MRK 9:41,MRK 9:47,"[""MRK 9:41"",""MRK 9:42"",""MRK 9:43"",""MRK 9:45"",""MRK 9:47""]",133
P_GNT_EDITION_COMPLETE_SOURCE_FIVE_VERSE_MRK_009_042_MRK_009_048~1fc272eedeae0d8f7299439c7650cee7137e0e0359d861ab4482d3f1f8c6907f,greek,edition_complete,source,five_verse,MRK,MRK 9:42,MRK 9:48,"[""MRK 9:42"",""MRK 9:43"",""MRK 9:45"",""MRK 9:47"",""MRK 9:48""]",122
P_GNT_EDITION_COMPLETE_SOURCE_FIVE_VERSE_MRK_009_043_MRK_009_049~5988c7f88865b72fa9b9db1e9e266b191176ba3b604fe933bb43464961fab2cb,greek,edition_complete,source,five_verse,MRK,MRK 9:43,MRK 9:49,"[""MRK 9:43"",""MRK 9:45"",""MRK 9:47"",""MRK 9:48"",""MRK 9:49""]",99
P_GNT_EDITION_COMPLETE_SOURCE_FIVE_VERSE_MRK_009_045_MRK_009_050~4ed0f7fca760bfa6d07a10729533efc355466b9fa9d22f0065f17f912da1467f,greek,edition_complete,source,five_verse,MRK,MRK 9:45,MRK 9:50,"[""MRK 9:45"",""MRK 9:47"",""MRK 9:48"",""MRK 9:49"",""MRK 9:50""]",89
P_GNT_EDITION_COMPLETE_SOURCE_FIVE_VERSE_MRK_011_022_MRK_011_027~d37fb7e7e0a3f9018cce9f29df295767403216dd9842d7504320d01a6a8f568d,greek,edition_complete,source,five_verse,MRK,MRK 11:22,MRK 11:27,"[""MRK 11:22"",""MRK 11:23"",""MRK 11:24"",""MRK 11:25"",""MRK 11:27""]",101
P_GNT_EDITION_COMPLETE_SOURCE_FIVE_VERSE_MRK_011_023_MRK_011_028~0e8869d0ec9cc6273858c130a4b511d8772c537b3b1e4d67ceab9d7a9dc563a3,greek,edition_complete,source,five_verse,MRK,MRK 11:23,MRK 11:28,"[""MRK 11:23"",""MRK 11:24"",""MRK 11:25"",""MRK 11:27"",""MRK 11:28""]",110
P_GNT_EDITION_COMPLETE_SOURCE_FIVE_VERSE_MRK_011_024_MRK_011_029~ac04d85d6021502091f95738d67200f4b231b325d51e55e895666d95d6632f10,greek,edition_complete,source,five_verse,MRK,MRK 11:24,MRK 11:29,"[""MRK 11:24"",""MRK 11:25"",""MRK 11:27"",""MRK 11:28"",""MRK 11:29""]",99
P_GNT_EDITION_COMPLETE_SOURCE_FIVE_VERSE_MRK_011_025_MRK_011_030~4f76f66b9e5283284b4214fcf3d34a5f09ee3ca623169711808a57f1078617ac,greek,edition_complete,source,five_verse,MRK,MRK 11:25,MRK 11:30,"[""MRK 11:25"",""MRK 11:27"",""MRK 11:28"",""MRK 11:29"",""MRK 11:30""]",96
P_GNT_EDITION_COMPLETE_SOURCE_FIVE_VERSE_MRK_015_024_MRK_015_029~7cc466762cd7e1da100f9bfb3409031d9591d5d74ec6202974a1707a98858708,greek,edition_complete,source,five_verse,MRK,MRK 15:24,MRK 15:29,"[""MRK 15:24"",""MRK 15:25"",""MRK 15:26"",""MRK 15:27"",""MRK 15:29""]",69
P_GNT_EDITION_COMPLETE_SOURCE_FIVE_VERSE_MRK_015_025_MRK_015_030~f6803b27bb8d5150e6f1924149b8d511f888c12f98c112128b2dccbada007613,greek,edition_complete,source,five_verse,MRK,MRK 15:25,MRK 15:30,"[""MRK 15:25"",""MRK 15:26"",""MRK 15:27"",""MRK 15:29"",""MRK 15:30""]",60
P_GNT_EDITION_COMPLETE_SOURCE_FIVE_VERSE_MRK_015_026_MRK_015_031~44bc948d8df96c1df9abdc1b76990a992867727cff7eba5e8f24d260981840c3,greek,edition_complete,source,five_verse,MRK,MRK 15:26,MRK 15:31,"[""MRK 15:26"",""MRK 15:27"",""MRK 15:29"",""MRK 15:30"",""MRK 15:31""]",70
P_GNT_EDITION_COMPLETE_SOURCE_FIVE_VERSE_MRK_015_027_MRK_015_032~524fdc39e06ad3681b72256dec59175343d740c4d76c2b4c1925098b013cdcac,greek,edition_complete,source,five_verse,MRK,MRK 15:27,MRK 15:32,"[""MRK 15:27"",""MRK 15:29"",""MRK 15:30"",""MRK 15:31"",""MRK 15:32""]",79
P_GNT_EDITION_COMPLETE_SOURCE_FIVE_VERSE_LUK_017_032_LUK_017_037~90629466d225541810500c217d28a5055bfbdad6e56682795737cc4faf2ecf4e,greek,edition_complete,source,five_verse,LUK,LUK 17:32,LUK 17:37,"[""LUK 17:32"",""LUK 17:33"",""LUK 17:34"",""LUK 17:35"",""LUK 17:37""]",67
P_GNT_EDITION_COMPLETE_SOURCE_FIVE_VERSE_LUK_017_033_LUK_018_001~709195b6e7d3afe0d73c9c49ee4594c9ed42b43b992986f32e2b1fb944761ac0,greek,edition_complete,source,five_verse,LUK,LUK 17:33,LUK 18:1,"[""LUK 17:33"",""LUK 17:34"",""LUK 17:35"",""LUK 17:37"",""LUK 18:1""]",76
P_GNT_EDITION_COMPLETE_SOURCE_FIVE_VERSE_LUK_017_034_LUK_018_002~0f7e63cc9c4d7fb004ca5d4cb7494e8ee9dc2281d9e9ec5bd6c7715530fc2cf0,greek,edition_complete,source,five_verse,LUK,LUK 17:34,LUK 18:2,"[""LUK 17:34"",""LUK 17:35"",""LUK 17:37"",""LUK 18:1"",""LUK 18:2""]",76
P_GNT_EDITION_COMPLETE_SOURCE_FIVE_VERSE_LUK_017_035_LUK_018_003~e8d7e341a15a7d2188a5d53af7405aac0ccd42cab3d3d479b1ceb6b35c6638ce,greek,edition_complete,source,five_verse,LUK,LUK 17:35,LUK 18:3,"[""LUK 17:35"",""LUK 17:37"",""LUK 18:1"",""LUK 18:2"",""LUK 18:3""]",77
P_GNT_EDITION_COMPLETE_SOURCE_FIVE_VERSE_LUK_023_013_LUK_023_018~0c38fcfdaa7163b8ad99257ac551bdad7c5108fff395335967c6317e026446c2,greek,edition_complete,source,five_verse,LUK,LUK 23:13,LUK 23:18,"[""LUK 23:13"",""LUK 23:14"",""LUK 23:15"",""LUK 23:16"",""LUK 23:18""]",71
P_GNT_EDITION_COMPLETE_SOURCE_FIVE_VERSE_LUK_023_014_LUK_023_019~edc54bfd4eb1c42734fa701785075a5e5291e14f6b85edf6a17c5c9d759df01f,greek,edition_complete,source,five_verse,LUK,LUK 23:14,LUK 23:19,"[""LUK 23:14"",""LUK 23:15"",""LUK 23:16"",""LUK 23:18"",""LUK 23:19""]",75
P_GNT_EDITION_COMPLETE_SOURCE_FIVE_VERSE_LUK_023_015_LUK_023_020~bf370a30b0a8bbc34c3c0175e64936167efe86e111a01c11234ae636a3e2947a,greek,edition_complete,source,five_verse,LUK,LUK 23:15,LUK 23:20,"[""LUK 23:15"",""LUK 23:16"",""LUK 23:18"",""LUK 23:19"",""LUK 23:20""]",56
P_GNT_EDITION_COMPLETE_SOURCE_FIVE_VERSE_LUK_023_016_LUK_023_021~93a7cab31a9bff6639e7b91215778fc5cf29e35709c6b0a2a0674e9569fe00b4,greek,edition_complete,source,five_verse,LUK,LUK 23:16,LUK 23:21,"[""LUK 23:16"",""LUK 23:18"",""LUK 23:19"",""LUK 23:20"",""LUK 23:21""]",47
P_GNT_EDITION_COMPLETE_SOURCE_FIVE_VERSE_ACT_008_033_ACT_008_038~89413a422c70c79a68e249fffa8e3b097472833f67b004f433121b796b44798a,greek,edition_complete,source,five_verse,ACT,ACT 8:33,ACT 8:38,"[""ACT 8:33"",""ACT 8:34"",""ACT 8:35"",""ACT 8:36"",""ACT 8:38""]",98
P_GNT_EDITION_COMPLETE_SOURCE_FIVE_VERSE_ACT_008_034_ACT_008_039~5663fa5540c44b7dfa873c5c933493e10a11a17c19f0772a6134066dd0b193a9,greek,edition_complete,source,five_verse,ACT,ACT 8:34,ACT 8:39,"[""ACT 8:34"",""ACT 8:35"",""ACT 8:36"",""ACT 8:38"",""ACT 8:39""]",102
P_GNT_EDITION_COMPLETE_SOURCE_FIVE_VERSE_ACT_008_035_ACT_008_040~a5ca654f3ba8af5733100dafbacfc287dfa2549d1d71c276000e9862c2c285a2,greek,edition_complete,source,five_verse,ACT,ACT 8:35,ACT 8:40,"[""ACT 8:35"",""ACT 8:36"",""ACT 8:38"",""ACT 8:39"",""ACT 8:40""]",98
P_GNT_EDITION_COMPLETE_SOURCE_FIVE_VERSE_ACT_008_036_ACT_009_001~df0f696b8f61b0a569c1df15c4797e60eece94177376e382c0c65366ae86ac44,greek,edition_complete,source,five_verse,ACT,ACT 8:36,ACT 9:1,"[""ACT 8:36"",""ACT 8:38"",""ACT 8:39"",""ACT 8:40"",""ACT 9:1""]",97
P_GNT_EDITION_COMPLETE_SOURCE_FIVE_VERSE_ACT_015_030_ACT_015_035~592086dfe9072c2a39a5d731b7071b647f9d80908c5f00724bf0e947bf50d427,greek,edition_complete,source,five_verse,ACT,ACT 15:30,ACT 15:35,"[""ACT 15:30"",""ACT 15:31"",""ACT 15:32"",""ACT 15:33"",""ACT 15:35""]",67
P_GNT_EDITION_COMPLETE_SOURCE_FIVE_VERSE_ACT_015_031_ACT_015_036~aae338fd37b613863a88786ec11658da753d675d3ec59c19999cbe7a2fe0912b,greek,edition_complete,source,five_verse,ACT,ACT 15:31,ACT 15:36,"[""ACT 15:31"",""ACT 15:32"",""ACT 15:33"",""ACT 15:35"",""ACT 15:36""]",78
P_GNT_EDITION_COMPLETE_SOURCE_FIVE_VERSE_ACT_015_032_ACT_015_037~faa8f3e72055ae27d8976cf691d0d7bb2c62a46aa9be2d178df33a8c6e600588,greek,edition_complete,source,five_verse,ACT,ACT 15:32,ACT 15:37,"[""ACT 15:32"",""ACT 15:33"",""ACT 15:35"",""ACT 15:36"",""ACT 15:37""]",82
P_GNT_EDITION_COMPLETE_SOURCE_FIVE_VERSE_ACT_015_033_ACT_015_038~e01b85f0ecbed1ca801a89b2d035b631236308e0b52c8bcfec1912094ec8d43d,greek,edition_complete,source,five_verse,ACT,ACT 15:33,ACT 15:38,"[""ACT 15:33"",""ACT 15:35"",""ACT 15:36"",""ACT 15:37"",""ACT 15:38""]",85
P_GNT_EDITION_COMPLETE_SOURCE_FIVE_VERSE_ACT_024_003_ACT_024_008~ddbb1e5933f152999e81d595a256e864ca8efdeeb358f447c007d584f50127fa,greek,edition_complete,source,five_verse,ACT,ACT 24:3,ACT 24:8,"[""ACT 24:3"",""ACT 24:4"",""ACT 24:5"",""ACT 24:6"",""ACT 24:8""]",69
P_GNT_EDITION_COMPLETE_SOURCE_FIVE_VERSE_ACT_024_004_ACT_024_009~100d887df152d2b54a57f36ea1e162e40ee0e34888fc1e9cd219a6bf22b5a64f,greek,edition_complete,source,five_verse,ACT,ACT 24:4,ACT 24:9,"[""ACT 24:4"",""ACT 24:5"",""ACT 24:6"",""ACT 24:8"",""ACT 24:9""]",68
P_GNT_EDITION_COMPLETE_SOURCE_FIVE_VERSE_ACT_024_005_ACT_024_010~2a55e01179db3460a4282b63f8d591f7ec6425856653532d3b50ae2c711a27cb,greek,edition_complete,source,five_verse,ACT,ACT 24:5,ACT 24:10,"[""ACT 24:5"",""ACT 24:6"",""ACT 24:8"",""ACT 24:9"",""ACT 24:10""]",77
P_GNT_EDITION_COMPLETE_SOURCE_FIVE_VERSE_ACT_024_006_ACT_024_011~84a088e8ba1d43da01b1cb8b9f3cdc2a417272695b9cc41ca8a494c533717e4c,greek,edition_complete,source,five_verse,ACT,ACT 24:6,ACT 24:11,"[""ACT 24:6"",""ACT 24:8"",""ACT 24:9"",""ACT 24:10"",""ACT 24:11""]",71
P_GNT_EDITION_COMPLETE_SOURCE_FIVE_VERSE_ACT_028_025_ACT_028_030~7c30058860c26e80a476f6dd87a841d51d365cb2e9cf4ba061529acfea896925,greek,edition_complete,source,five_verse,ACT,ACT 28:25,ACT 28:30,"[""ACT 28:25"",""ACT 28:26"",""ACT 28:27"",""ACT 28:28"",""ACT 28:30""]",112
P_GNT_EDITION_COMPLETE_SOURCE_FIVE_VERSE_ACT_028_026_ACT_028_031~71c74dccdc457041989e21a078a0f3ac81d6cf23125a78bde956788875bd4942,greek,edition_complete,source,five_verse,ACT,ACT 28:26,ACT 28:31,"[""ACT 28:26"",""ACT 28:27"",""ACT 28:28"",""ACT 28:30"",""ACT 28:31""]",103
P_GNT_EDITION_COMPLETE_SOURCE_FIVE_VERSE_ROM_016_020_ROM_016_025~3e5b898f0fb203d7218da985d199530d81f8d49010148b4b75d7c12485fd9c78,greek,edition_complete,source,five_verse,ROM,ROM 16:20,ROM 16:25,"[""ROM 16:20"",""ROM 16:21"",""ROM 16:22"",""ROM 16:23"",""ROM 16:25""]",88
P_GNT_EDITION_COMPLETE_SOURCE_FIVE_VERSE_ROM_016_021_ROM_016_026~5d4b0990477322357291ede4f2549a1ea0234c2b1b60d15da39d61fbc898e47f,greek,edition_complete,source,five_verse,ROM,ROM 16:21,ROM 16:26,"[""ROM 16:21"",""ROM 16:22"",""ROM 16:23"",""ROM 16:25"",""ROM 16:26""]",86
P_GNT_EDITION_COMPLETE_SOURCE_FIVE_VERSE_ROM_016_022_ROM_016_027~aca03c144179d26e0ef873c8e887facdb78c9b48bbcfc80c9777b3caeca45c15,greek,edition_complete,source,five_verse,ROM,ROM 16:22,ROM 16:27,"[""ROM 16:22"",""ROM 16:23"",""ROM 16:25"",""ROM 16:26"",""ROM 16:27""]",86
P_GNT_EDITION_COMPLETE_SOURCE_SENTENCE_ACT_024_005_ACT_024_008~2a4f96e1676ff7f5be731e5d4a7093c408efde9f2988bdfc53a267ccd3a908ef,greek,edition_complete,source,sentence,ACT,ACT 24:5,ACT 24:8,"[""ACT 24:5"",""ACT 24:6"",""ACT 24:8""]",44
P_GNT_EDITION_COMPLETE_SOURCE_TWO_VERSE_MAT_017_020_MAT_017_022~787da2b971dd4fbe1eb16ca6e4c706faab3b2dfc0b24db9e83124b5c5db05c45,greek,edition_complete,source,two_verse,MAT,MAT 17:20,MAT 17:22,"[""MAT 17:20"",""MAT 17:22""]",50
P_GNT_EDITION_COMPLETE_SOURCE_TWO_VERSE_MAT_018_010_MAT_018_012~9764eb53f800f8dff207c6870f871eca73350a92131e5b1edd6bf21ca453a25c,greek,edition_complete,source,two_verse,MAT,MAT 18:10,MAT 18:12,"[""MAT 18:10"",""MAT 18:12""]",54
P_GNT_EDITION_COMPLETE_SOURCE_TWO_VERSE_MAT_023_013_MAT_023_015~a61a9a8e9016c0124c67f04cd482958121c0491fac2cb0fa2973dfc4201e7d5c,greek,edition_complete,source,two_verse,MAT,MAT 23:13,MAT 23:15,"[""MAT 23:13"",""MAT 23:15""]",50
P_GNT_EDITION_COMPLETE_SOURCE_TWO_VERSE_MRK_007_015_MRK_007_017~ebef94147880869906e59825d8e5db1e1277462c3f243d028fb542f831031dcc,greek,edition_complete,source,two_verse,MRK,MRK 7:15,MRK 7:17,"[""MRK 7:15"",""MRK 7:17""]",38
P_GNT_EDITION_COMPLETE_SOURCE_TWO_VERSE_MRK_009_043_MRK_009_045~356c37cefa240ed53f2f4f93a132004897d71ad1e001cc91e014565a5d9bb1b0,greek,edition_complete,source,two_verse,MRK,MRK 9:43,MRK 9:45,"[""MRK 9:43"",""MRK 9:45""]",57
P_GNT_EDITION_COMPLETE_SOURCE_TWO_VERSE_MRK_009_045_MRK_009_047~1b05d952f67c1b6a1ac4b32f622bb9c696864a678703c62f0e43ccee534f39b5,greek,edition_complete,source,two_verse,MRK,MRK 9:45,MRK 9:47,"[""MRK 9:45"",""MRK 9:47""]",53
P_GNT_EDITION_COMPLETE_SOURCE_TWO_VERSE_MRK_011_025_MRK_011_027~7fc1ced430ea993523374560bd1f10f733d0c8a2f3effe435684f6cbaf953fb6,greek,edition_complete,source,two_verse,MRK,MRK 11:25,MRK 11:27,"[""MRK 11:25"",""MRK 11:27""]",46
P_GNT_EDITION_COMPLETE_SOURCE_TWO_VERSE_MRK_015_027_MRK_015_029~081d83e00f134166706d72134fee70a834234bcb3f2cf304937875170e4c2d3c,greek,edition_complete,source,two_verse,MRK,MRK 15:27,MRK 15:29,"[""MRK 15:27"",""MRK 15:29""]",35
P_GNT_EDITION_COMPLETE_SOURCE_TWO_VERSE_LUK_017_035_LUK_017_037~b270efeb0e6f9d3f0c7c1802e2d63d0f1c815753a160740b5ac5cdeb426e48a2,greek,edition_complete,source,two_verse,LUK,LUK 17:35,LUK 17:37,"[""LUK 17:35"",""LUK 17:37""]",31
P_GNT_EDITION_COMPLETE_SOURCE_TWO_VERSE_LUK_023_016_LUK_023_018~45990fa424aaa30c6a1d9bb21d7b7b075924fdf480236697ee98d3148b72d970,greek,edition_complete,source,two_verse,LUK,LUK 23:16,LUK 23:18,"[""LUK 23:16"",""LUK 23:18""]",15
P_GNT_EDITION_COMPLETE_SOURCE_TWO_VERSE_ACT_008_036_ACT_008_038~04d5b20fc5f9f1249c9e676687afcd3dc1070df8f6825e479938340836044db5,greek,edition_complete,source,two_verse,ACT,ACT 8:36,ACT 8:38,"[""ACT 8:36"",""ACT 8:38""]",40
P_GNT_EDITION_COMPLETE_SOURCE_TWO_VERSE_ACT_015_033_ACT_015_035~e217fe1a064f71bf8bcda8224712eac6d0eab3eb96ceea122d88003497990c9e,greek,edition_complete,source,two_verse,ACT,ACT 15:33,ACT 15:35,"[""ACT 15:33"",""ACT 15:35""]",31
P_GNT_EDITION_COMPLETE_SOURCE_TWO_VERSE_ACT_024_006_ACT_024_008~4017aa38cc73e33c82a937a92bb7ae301332497550ad8e5289c9b74ec86120ed,greek,edition_complete,source,two_verse,ACT,ACT 24:6,ACT 24:8,"[""ACT 24:6"",""ACT 24:8""]",22
P_GNT_EDITION_COMPLETE_SOURCE_TWO_VERSE_ACT_028_028_ACT_028_030~1e5e64ae7ea29c73c07fe8ec8ea7d9cb4daa412a78321e2b8d7e4ab1c9778f36,greek,edition_complete,source,two_verse,ACT,ACT 28:28,ACT 28:30,"[""ACT 28:28"",""ACT 28:30""]",30
P_GNT_EDITION_COMPLETE_SOURCE_TWO_VERSE_ROM_016_023_ROM_016_025~51e6b00df7fb471d69db2b2be8bea4a689220b705d7d3fabf3ea360f7b3e6de6,greek,edition_complete,source,two_verse,ROM,ROM 16:23,ROM 16:25,"[""ROM 16:23"",""ROM 16:25""]",41
