book,source_reference,analysis_profile,mapping_status,mapping_confidence,reference_gap,disputed_passage,risk_type,endpoint_count,sample_ordinal
1CH,1Chr.6.1-1Chr.6.81,critical_core,mapped_partial,partial_provisional,False,False,mapped_partial,1,1
1CH,1Chr.6.54-1Chr.6.81,critical_core,mapped_partial,partial_provisional,False,False,mapped_partial,5,2
1CH,1Chr.6.66-1Chr.6.67,critical_core,mapped_partial,partial_provisional,False,False,mapped_partial,1,3
1CH,1Chr.1.1,critical_core,mapped_provisional,provisional_mechanical,False,False,provisional_same_label,4,1
1CH,1Chr.1.1-1Chr.1.3,critical_core,mapped_provisional,provisional_mechanical,False,False,provisional_same_label,3,2
1CH,1Chr.1.10,critical_core,mapped_provisional,provisional_mechanical,False,False,provisional_same_label,2,3
1CH,1Chr.6.67,critical_core,unresolved_missing_target,unresolved,False,False,unresolved_missing_target,13,1
1CH,1Chr.6.68,critical_core,unresolved_missing_target,unresolved,False,False,unresolved_missing_target,9,2
1CH,1Chr.6.69,critical_core,unresolved_missing_target,unresolved,False,False,unresolved_missing_target,4,3
1CH,1Chr.6.1-1Chr.6.81,edition_complete,mapped_partial,partial_provisional,False,False,mapped_partial,1,1
1CH,1Chr.6.54-1Chr.6.81,edition_complete,mapped_partial,partial_provisional,False,False,mapped_partial,5,2
1CH,1Chr.6.66-1Chr.6.67,edition_complete,mapped_partial,partial_provisional,False,False,mapped_partial,1,3
1CH,1Chr.1.1,edition_complete,mapped_provisional,provisional_mechanical,False,False,provisional_same_label,4,1
1CH,1Chr.1.1-1Chr.1.3,edition_complete,mapped_provisional,provisional_mechanical,False,False,provisional_same_label,3,2
1CH,1Chr.1.10,edition_complete,mapped_provisional,provisional_mechanical,False,False,provisional_same_label,2,3
1CH,1Chr.6.67,edition_complete,unresolved_missing_target,unresolved,False,False,unresolved_missing_target,13,1
1CH,1Chr.6.68,edition_complete,unresolved_missing_target,unresolved,False,False,unresolved_missing_target,9,2
1CH,1Chr.6.69,edition_complete,unresolved_missing_target,unresolved,False,False,unresolved_missing_target,4,3
1CO,1Cor.1.1,critical_core,mapped_provisional,provisional_mechanical,False,False,provisional_same_label,37,1
1CO,1Cor.1.1-1Cor.1.2,critical_core,mapped_provisional,provisional_mechanical,False,False,provisional_same_label,3,2
1CO,1Cor.1.1-1Cor.1.3,critical_core,mapped_provisional,provisional_mechanical,False,False,provisional_same_label,1,3
1CO,1Cor.1.1,edition_complete,mapped_provisional,provisional_mechanical,False,False,provisional_same_label,37,1
1CO,1Cor.1.1-1Cor.1.2,edition_complete,mapped_provisional,provisional_mechanical,False,False,provisional_same_label,3,2
1CO,1Cor.1.1-1Cor.1.3,edition_complete,mapped_provisional,provisional_mechanical,False,False,provisional_same_label,1,3
1JN,1John.1.1,critical_core,mapped_provisional,provisional_mechanical,False,False,provisional_same_label,37,1
1JN,1John.1.1-1John.1.2,critical_core,mapped_provisional,provisional_mechanical,False,False,provisional_same_label,12,2
1JN,1John.1.1-1John.1.3,critical_core,mapped_provisional,provisional_mechanical,False,False,provisional_same_label,19,3
1JN,1John.1.1,edition_complete,mapped_provisional,provisional_mechanical,False,False,provisional_same_label,37,1
1JN,1John.1.1-1John.1.2,edition_complete,mapped_provisional,provisional_mechanical,False,False,provisional_same_label,12,2
1JN,1John.1.1-1John.1.3,edition_complete,mapped_provisional,provisional_mechanical,False,False,provisional_same_label,19,3
1KI,1Kgs.4.1-1Kgs.4.27,critical_core,mapped_partial,partial_provisional,False,False,mapped_partial,1,1
1KI,1Kgs.4.1-1Kgs.4.34,critical_core,mapped_partial,partial_provisional,False,False,mapped_partial,1,2
1KI,1Kgs.4.20-1Kgs.4.21,critical_core,mapped_partial,partial_provisional,False,False,mapped_partial,2,3
1KI,1Kgs.1.1,critical_core,mapped_provisional,provisional_mechanical,False,False,provisional_same_label,14,1
1KI,1Kgs.1.1-1Kgs.1.4,critical_core,mapped_provisional,provisional_mechanical,False,False,provisional_same_label,1,2
1KI,1Kgs.1.10,critical_core,mapped_provisional,provisional_mechanical,False,False,provisional_same_label,5,3
1KI,1Kgs.4.21,critical_core,unresolved_missing_target,unresolved,False,False,unresolved_missing_target,37,1
1KI,1Kgs.4.21-1Kgs.4.24,critical_core,unresolved_missing_target,unresolved,False,False,unresolved_missing_target,3,2
1KI,1Kgs.4.21-1Kgs.4.25,critical_core,unresolved_missing_target,unresolved,False,False,unresolved_missing_target,1,3
1KI,1Kgs.4.1-1Kgs.4.27,edition_complete,mapped_partial,partial_provisional,False,False,mapped_partial,1,1
1KI,1Kgs.4.1-1Kgs.4.34,edition_complete,mapped_partial,partial_provisional,False,False,mapped_partial,1,2
1KI,1Kgs.4.20-1Kgs.4.21,edition_complete,mapped_partial,partial_provisional,False,False,mapped_partial,2,3
1KI,1Kgs.1.1,edition_complete,mapped_provisional,provisional_mechanical,False,False,provisional_same_label,14,1
1KI,1Kgs.1.1-1Kgs.1.4,edition_complete,mapped_provisional,provisional_mechanical,False,False,provisional_same_label,1,2
1KI,1Kgs.1.10,edition_complete,mapped_provisional,provisional_mechanical,False,False,provisional_same_label,5,3
1KI,1Kgs.4.21,edition_complete,unresolved_missing_target,unresolved,False,False,unresolved_missing_target,37,1
1KI,1Kgs.4.21-1Kgs.4.24,edition_complete,unresolved_missing_target,unresolved,False,False,unresolved_missing_target,3,2
1KI,1Kgs.4.21-1Kgs.4.25,edition_complete,unresolved_missing_target,unresolved,False,False,unresolved_missing_target,1,3
1PE,1Pet.1.1,critical_core,mapped_provisional,provisional_mechanical,False,False,provisional_same_label,51,1
1PE,1Pet.1.1-1Pet.1.2,critical_core,mapped_provisional,provisional_mechanical,False,False,provisional_same_label,5,2
1PE,1Pet.1.10,critical_core,mapped_provisional,provisional_mechanical,False,False,provisional_same_label,29,3
1PE,1Pet.1.1,edition_complete,mapped_provisional,provisional_mechanical,False,False,provisional_same_label,51,1
1PE,1Pet.1.1-1Pet.1.2,edition_complete,mapped_provisional,provisional_mechanical,False,False,provisional_same_label,5,2
1PE,1Pet.1.10,edition_complete,mapped_provisional,provisional_mechanical,False,False,provisional_same_label,29,3
1SA,1Sam.23.28-1Sam.23.29,critical_core,mapped_partial,partial_provisional,False,False,mapped_partial,1,1
1SA,1Sam.23.29-1Sam.24.1,critical_core,mapped_partial,partial_provisional,False,False,mapped_partial,1,2
1SA,1Sam.1.1,critical_core,mapped_provisional,provisional_mechanical,False,False,provisional_same_label,26,1
1SA,1Sam.1.1-1Sam.1.28,critical_core,mapped_provisional,provisional_mechanical,False,False,provisional_same_label,1,2
1SA,1Sam.1.10,critical_core,mapped_provisional,provisional_mechanical,False,False,provisional_same_label,27,3
1SA,1Sam.23.29,critical_core,unresolved_missing_target,unresolved,False,False,unresolved_missing_target,12,1
1SA,1Sam.23.28-1Sam.23.29,edition_complete,mapped_partial,partial_provisional,False,False,mapped_partial,1,1
1SA,1Sam.23.29-1Sam.24.1,edition_complete,mapped_partial,partial_provisional,False,False,mapped_partial,1,2
1SA,1Sam.1.1,edition_complete,mapped_provisional,provisional_mechanical,False,False,provisional_same_label,26,1
1SA,1Sam.1.1-1Sam.1.28,edition_complete,mapped_provisional,provisional_mechanical,False,False,provisional_same_label,1,2
1SA,1Sam.1.10,edition_complete,mapped_provisional,provisional_mechanical,False,False,provisional_same_label,27,3
1SA,1Sam.23.29,edition_complete,unresolved_missing_target,unresolved,False,False,unresolved_missing_target,12,1
1TH,1Thess.1.1,critical_core,mapped_provisional,provisional_mechanical,False,False,provisional_same_label,46,1
1TH,1Thess.1.1-1Thess.1.10,critical_core,mapped_provisional,provisional_mechanical,False,False,provisional_same_label,1,2
1TH,1Thess.1.10,critical_core,mapped_provisional,provisional_mechanical,False,False,provisional_same_label,79,3
1TH,1Thess.1.1,edition_complete,mapped_provisional,provisional_mechanical,False,False,provisional_same_label,46,1
1TH,1Thess.1.1-1Thess.1.10,edition_complete,mapped_provisional,provisional_mechanical,False,False,provisional_same_label,1,2
1TH,1Thess.1.10,edition_complete,mapped_provisional,provisional_mechanical,False,False,provisional_same_label,79,3
1TI,1Tim.1.1,critical_core,mapped_provisional,provisional_mechanical,False,False,provisional_same_label,58,1
1TI,1Tim.1.1-1Tim.1.2,critical_core,mapped_provisional,provisional_mechanical,False,False,provisional_same_label,1,2
1TI,1Tim.1.10,critical_core,mapped_provisional,provisional_mechanical,False,False,provisional_same_label,61,3
1TI,1Tim.1.1,edition_complete,mapped_provisional,provisional_mechanical,False,False,provisional_same_label,58,1
1TI,1Tim.1.1-1Tim.1.2,edition_complete,mapped_provisional,provisional_mechanical,False,False,provisional_same_label,1,2
1TI,1Tim.1.10,edition_complete,mapped_provisional,provisional_mechanical,False,False,provisional_same_label,61,3
2CH,2Chr.14.1-2Chr.14.15,critical_core,mapped_partial,partial_provisional,False,False,mapped_partial,2,1
2CH,2Chr.14.12-2Chr.14.15,critical_core,mapped_partial,partial_provisional,False,False,mapped_partial,1,2
2CH,2Chr.14.13-2Chr.14.15,critical_core,mapped_partial,partial_provisional,False,False,mapped_partial,3,3
2CH,2Chr.1.1,critical_core,mapped_provisional,provisional_mechanical,False,False,provisional_same_label,21,1
2CH,2Chr.1.1-2Chr.1.12,critical_core,mapped_provisional,provisional_mechanical,False,False,provisional_same_label,1,2
2CH,2Chr.1.10,critical_core,mapped_provisional,provisional_mechanical,False,False,provisional_same_label,21,3
2CH,2Chr.14.15,critical_core,unresolved_missing_target,unresolved,False,False,unresolved_missing_target,5,1
2CH,2Chr.2.18,critical_core,unresolved_missing_target,unresolved,False,False,unresolved_missing_target,6,2
2CH,2Chr.14.1-2Chr.14.15,edition_complete,mapped_partial,partial_provisional,False,False,mapped_partial,2,1
2CH,2Chr.14.12-2Chr.14.15,edition_complete,mapped_partial,partial_provisional,False,False,mapped_partial,1,2
2CH,2Chr.14.13-2Chr.14.15,edition_complete,mapped_partial,partial_provisional,False,False,mapped_partial,3,3
2CH,2Chr.1.1,edition_complete,mapped_provisional,provisional_mechanical,False,False,provisional_same_label,21,1
2CH,2Chr.1.1-2Chr.1.12,edition_complete,mapped_provisional,provisional_mechanical,False,False,provisional_same_label,1,2
2CH,2Chr.1.10,edition_complete,mapped_provisional,provisional_mechanical,False,False,provisional_same_label,21,3
2CH,2Chr.14.15,edition_complete,unresolved_missing_target,unresolved,False,False,unresolved_missing_target,5,1
2CH,2Chr.2.18,edition_complete,unresolved_missing_target,unresolved,False,False,unresolved_missing_target,6,2
2CO,2Cor.1.1,critical_core,mapped_provisional,provisional_mechanical,False,False,provisional_same_label,49,1
2CO,2Cor.1.1-2Cor.1.2,critical_core,mapped_provisional,provisional_mechanical,False,False,provisional_same_label,1,2
2CO,2Cor.1.10,critical_core,mapped_provisional,provisional_mechanical,False,False,provisional_same_label,31,3
2CO,2Cor.13.14,critical_core,unresolved_missing_target,unresolved,False,False,unresolved_missing_target,65,1
2CO,2Cor.1.1,edition_complete,mapped_provisional,provisional_mechanical,False,False,provisional_same_label,49,1
2CO,2Cor.1.1-2Cor.1.2,edition_complete,mapped_provisional,provisional_mechanical,False,False,provisional_same_label,1,2
2CO,2Cor.1.10,edition_complete,mapped_provisional,provisional_mechanical,False,False,provisional_same_label,31,3
2CO,2Cor.13.14,edition_complete,unresolved_missing_target,unresolved,False,False,unresolved_missing_target,65,1
2JN,2John.1.1,critical_core,mapped_provisional,provisional_mechanical,False,False,provisional_same_label,30,1
2JN,2John.1.1-2John.1.13,critical_core,mapped_provisional,provisional_mechanical,False,False,provisional_same_label,2,2
2JN,2John.1.1-2John.1.2,critical_core,mapped_provisional,provisional_mechanical,False,False,provisional_same_label,2,3
2JN,2John.1.1,edition_complete,mapped_provisional,provisional_mechanical,False,False,provisional_same_label,30,1
2JN,2John.1.1-2John.1.13,edition_complete,mapped_provisional,provisional_mechanical,False,False,provisional_same_label,2,2
2JN,2John.1.1-2John.1.2,edition_complete,mapped_provisional,provisional_mechanical,False,False,provisional_same_label,2,3
2KI,2Kgs.11.21-2Kgs.12.15,critical_core,mapped_partial,partial_provisional,False,False,mapped_partial,1,1
2KI,2Kgs.11.21-2Kgs.12.2,critical_core,mapped_partial,partial_provisional,False,False,mapped_partial,1,2
2KI,2Kgs.1.1,critical_core,mapped_provisional,provisional_mechanical,False,False,provisional_same_label,9,1
2KI,2Kgs.1.1-2Kgs.1.18,critical_core,mapped_provisional,provisional_mechanical,False,False,provisional_same_label,1,2
2KI,2Kgs.1.10,critical_core,mapped_provisional,provisional_mechanical,False,False,provisional_same_label,25,3
2KI,2Kgs.11.21,critical_core,unresolved_missing_target,unresolved,False,False,unresolved_missing_target,7,1
2KI,2Kgs.11.21-2Kgs.12.15,edition_complete,mapped_partial,partial_provisional,False,False,mapped_partial,1,1
2KI,2Kgs.11.21-2Kgs.12.2,edition_complete,mapped_partial,partial_provisional,False,False,mapped_partial,1,2
2KI,2Kgs.1.1,edition_complete,mapped_provisional,provisional_mechanical,False,False,provisional_same_label,9,1
2KI,2Kgs.1.1-2Kgs.1.18,edition_complete,mapped_provisional,provisional_mechanical,False,False,provisional_same_label,1,2
2KI,2Kgs.1.10,edition_complete,mapped_provisional,provisional_mechanical,False,False,provisional_same_label,25,3
2KI,2Kgs.11.21,edition_complete,unresolved_missing_target,unresolved,False,False,unresolved_missing_target,7,1
2PE,2Pet.1.1,critical_core,mapped_provisional,provisional_mechanical,False,False,provisional_same_label,97,1
2PE,2Pet.1.1-2Pet.1.3,critical_core,mapped_provisional,provisional_mechanical,False,False,provisional_same_label,1,2
2PE,2Pet.1.10,critical_core,mapped_provisional,provisional_mechanical,False,False,provisional_same_label,48,3
2PE,2Pet.1.1,edition_complete,mapped_provisional,provisional_mechanical,False,False,provisional_same_label,97,1
2PE,2Pet.1.1-2Pet.1.3,edition_complete,mapped_provisional,provisional_mechanical,False,False,provisional_same_label,1,2
2PE,2Pet.1.10,edition_complete,mapped_provisional,provisional_mechanical,False,False,provisional_same_label,48,3
2SA,2Sam.18.19-2Sam.18.33,critical_core,mapped_partial,partial_provisional,False,False,mapped_partial,1,1
2SA,2Sam.1.1,critical_core,mapped_provisional,provisional_mechanical,False,False,provisional_same_label,6,1
2SA,2Sam.1.10,critical_core,mapped_provisional,provisional_mechanical,False,False,provisional_same_label,11,2
2SA,2Sam.1.11,critical_core,mapped_provisional,provisional_mechanical,False,False,provisional_same_label,15,3
2SA,2Sam.18.33,critical_core,unresolved_missing_target,unresolved,False,False,unresolved_missing_target,27,1
2SA,2Sam.18.19-2Sam.18.33,edition_complete,mapped_partial,partial_provisional,False,False,mapped_partial,1,1
2SA,2Sam.1.1,edition_complete,mapped_provisional,provisional_mechanical,False,False,provisional_same_label,6,1
2SA,2Sam.1.10,edition_complete,mapped_provisional,provisional_mechanical,False,False,provisional_same_label,11,2
2SA,2Sam.1.11,edition_complete,mapped_provisional,provisional_mechanical,False,False,provisional_same_label,15,3
2SA,2Sam.18.33,edition_complete,unresolved_missing_target,unresolved,False,False,unresolved_missing_target,27,1
2TH,2Thess.1.1,critical_core,mapped_provisional,provisional_mechanical,False,False,provisional_same_label,16,1
2TH,2Thess.1.1-2Thess.1.2,critical_core,mapped_provisional,provisional_mechanical,False,False,provisional_same_label,2,2
2TH,2Thess.1.10,critical_core,mapped_provisional,provisional_mechanical,False,False,provisional_same_label,63,3
2TH,2Thess.1.1,edition_complete,mapped_provisional,provisional_mechanical,False,False,provisional_same_label,16,1
2TH,2Thess.1.1-2Thess.1.2,edition_complete,mapped_provisional,provisional_mechanical,False,False,provisional_same_label,2,2
2TH,2Thess.1.10,edition_complete,mapped_provisional,provisional_mechanical,False,False,provisional_same_label,63,3
2TI,2Tim.1.1,critical_core,mapped_provisional,provisional_mechanical,False,False,provisional_same_label,27,1
2TI,2Tim.1.10,critical_core,mapped_provisional,provisional_mechanical,False,False,provisional_same_label,69,2
2TI,2Tim.1.10-2Tim.1.11,critical_core,mapped_provisional,provisional_mechanical,False,False,provisional_same_label,3,3
2TI,2Tim.1.1,edition_complete,mapped_provisional,provisional_mechanical,False,False,provisional_same_label,27,1
2TI,2Tim.1.10,edition_complete,mapped_provisional,provisional_mechanical,False,False,provisional_same_label,69,2
2TI,2Tim.1.10-2Tim.1.11,edition_complete,mapped_provisional,provisional_mechanical,False,False,provisional_same_label,3,3
3JN,3John.1.1,critical_core,mapped_provisional,provisional_mechanical,False,False,provisional_same_label,13,1
3JN,3John.1.1-3John.1.4,critical_core,mapped_provisional,provisional_mechanical,False,False,provisional_same_label,1,2
3JN,3John.1.1-3John.1.6,critical_core,mapped_provisional,provisional_mechanical,False,False,provisional_same_label,1,3
3JN,3John.1.1,edition_complete,mapped_provisional,provisional_mechanical,False,False,provisional_same_label,13,1
3JN,3John.1.1-3John.1.4,edition_complete,mapped_provisional,provisional_mechanical,False,False,provisional_same_label,1,2
3JN,3John.1.1-3John.1.6,edition_complete,mapped_provisional,provisional_mechanical,False,False,provisional_same_label,1,3
ACT,Acts.19.1-Acts.19.41,critical_core,mapped_partial,partial_provisional,False,False,mapped_partial,1,1
ACT,Acts.19.23-Acts.19.41,critical_core,mapped_partial,partial_provisional,False,False,mapped_partial,2,2
ACT,Acts.19.28-Acts.19.41,critical_core,mapped_partial,partial_provisional,False,False,mapped_partial,3,3
ACT,Acts.1.1,critical_core,mapped_provisional,provisional_mechanical,False,False,provisional_same_label,16,1
ACT,Acts.1.1-Acts.1.11,critical_core,mapped_provisional,provisional_mechanical,False,False,provisional_same_label,1,2
ACT,Acts.1.1-Acts.1.2,critical_core,mapped_provisional,provisional_mechanical,False,False,provisional_same_label,2,3
ACT,Acts.15.30-Acts.15.35,critical_core,mapped_partial,partial_provisional,True,False,reference_gap,1,1
ACT,Acts.24.1-Acts.24.13,critical_core,mapped_partial,partial_provisional,True,False,reference_gap,3,2
ACT,Acts.24.1-Acts.24.26,critical_core,mapped_partial,partial_provisional,True,False,reference_gap,1,3
ACT,Acts.19.41,critical_core,unresolved_missing_target,unresolved,False,False,unresolved_missing_target,4,1
ACT,Acts.19.1-Acts.19.41,edition_complete,mapped_partial,partial_provisional,False,False,mapped_partial,1,1
ACT,Acts.19.23-Acts.19.41,edition_complete,mapped_partial,partial_provisional,False,False,mapped_partial,2,2
ACT,Acts.19.28-Acts.19.41,edition_complete,mapped_partial,partial_provisional,False,False,mapped_partial,3,3
ACT,Acts.1.1,edition_complete,mapped_provisional,provisional_mechanical,False,False,provisional_same_label,16,1
ACT,Acts.1.1-Acts.1.11,edition_complete,mapped_provisional,provisional_mechanical,False,False,provisional_same_label,1,2
ACT,Acts.1.1-Acts.1.2,edition_complete,mapped_provisional,provisional_mechanical,False,False,provisional_same_label,2,3
ACT,Acts.15.30-Acts.15.35,edition_complete,mapped_partial,partial_provisional,True,False,reference_gap,1,1
ACT,Acts.24.1-Acts.24.13,edition_complete,mapped_partial,partial_provisional,True,False,reference_gap,3,2
ACT,Acts.24.1-Acts.24.26,edition_complete,mapped_partial,partial_provisional,True,False,reference_gap,1,3
ACT,Acts.19.41,edition_complete,unresolved_missing_target,unresolved,False,False,unresolved_missing_target,4,1
AMO,Amos.1.1,critical_core,mapped_provisional,provisional_mechanical,False,False,provisional_same_label,40,1
AMO,Amos.1.1-Amos.1.15,critical_core,mapped_provisional,provisional_mechanical,False,False,provisional_same_label,2,2
AMO,Amos.1.1-Amos.1.2,critical_core,mapped_provisional,provisional_mechanical,False,False,provisional_same_label,2,3
AMO,Amos.1.1,edition_complete,mapped_provisional,provisional_mechanical,False,False,provisional_same_label,40,1
AMO,Amos.1.1-Amos.1.15,edition_complete,mapped_provisional,provisional_mechanical,False,False,provisional_same_label,2,2
AMO,Amos.1.1-Amos.1.2,edition_complete,mapped_provisional,provisional_mechanical,False,False,provisional_same_label,2,3
COL,Col.1.1,critical_core,mapped_provisional,provisional_mechanical,False,False,provisional_same_label,18,1
COL,Col.1.1-Col.1.2,critical_core,mapped_provisional,provisional_mechanical,False,False,provisional_same_label,3,2
COL,Col.1.10,critical_core,mapped_provisional,provisional_mechanical,False,False,provisional_same_label,86,3
COL,Col.1.1,edition_complete,mapped_provisional,provisional_mechanical,False,False,provisional_same_label,18,1
COL,Col.1.1-Col.1.2,edition_complete,mapped_provisional,provisional_mechanical,False,False,provisional_same_label,3,2
COL,Col.1.10,edition_complete,mapped_provisional,provisional_mechanical,False,False,provisional_same_label,86,3
DAN,Dan.4.1-Dan.4.37,critical_core,mapped_partial,partial_provisional,False,False,mapped_partial,1,1
DAN,Dan.4.30-Dan.4.37,critical_core,mapped_partial,partial_provisional,False,False,mapped_partial,6,2
DAN,Dan.4.31-Dan.4.35,critical_core,mapped_partial,partial_provisional,False,False,mapped_partial,1,3
DAN,Dan.1.1,critical_core,mapped_provisional,provisional_mechanical,False,False,provisional_same_label,6,1
DAN,Dan.1.1-Dan.1.2,critical_core,mapped_provisional,provisional_mechanical,False,False,provisional_same_label,5,2
DAN,Dan.1.1-Dan.1.3,critical_core,mapped_provisional,provisional_mechanical,False,False,provisional_same_label,1,3
DAN,Dan.4.35,critical_core,unresolved_missing_target,unresolved,False,False,unresolved_missing_target,101,1
DAN,Dan.4.35-Dan.4.37,critical_core,unresolved_missing_target,unresolved,False,False,unresolved_missing_target,1,2
DAN,Dan.4.36,critical_core,unresolved_missing_target,unresolved,False,False,unresolved_missing_target,11,3
DAN,Dan.4.1-Dan.4.37,edition_complete,mapped_partial,partial_provisional,False,False,mapped_partial,1,1
DAN,Dan.4.30-Dan.4.37,edition_complete,mapped_partial,partial_provisional,False,False,mapped_partial,6,2
DAN,Dan.4.31-Dan.4.35,edition_complete,mapped_partial,partial_provisional,False,False,mapped_partial,1,3
DAN,Dan.1.1,edition_complete,mapped_provisional,provisional_mechanical,False,False,provisional_same_label,6,1
DAN,Dan.1.1-Dan.1.2,edition_complete,mapped_provisional,provisional_mechanical,False,False,provisional_same_label,5,2
DAN,Dan.1.1-Dan.1.3,edition_complete,mapped_provisional,provisional_mechanical,False,False,provisional_same_label,1,3
DAN,Dan.4.35,edition_complete,unresolved_missing_target,unresolved,False,False,unresolved_missing_target,101,1
DAN,Dan.4.35-Dan.4.37,edition_complete,unresolved_missing_target,unresolved,False,False,unresolved_missing_target,1,2
DAN,Dan.4.36,edition_complete,unresolved_missing_target,unresolved,False,False,unresolved_missing_target,11,3
DEU,Deut.12.32-Deut.13.11,critical_core,mapped_partial,partial_provisional,False,False,mapped_partial,1,1
DEU,Deut.22.22-Deut.22.30,critical_core,mapped_partial,partial_provisional,False,False,mapped_partial,1,2
DEU,Deut.29.18-Deut.29.29,critical_core,mapped_partial,partial_provisional,False,False,mapped_partial,1,3
DEU,Deut.1.1,critical_core,mapped_provisional,provisional_mechanical,False,False,provisional_same_label,28,1
DEU,Deut.1.1-Deut.1.46,critical_core,mapped_provisional,provisional_mechanical,False,False,provisional_same_label,1,2
DEU,Deut.1.10,critical_core,mapped_provisional,provisional_mechanical,False,False,provisional_same_label,20,3
DEU,Deut.12.32,critical_core,unresolved_missing_target,unresolved,False,False,unresolved_missing_target,46,1
DEU,Deut.22.30,critical_core,unresolved_missing_target,unresolved,False,False,unresolved_missing_target,10,2
DEU,Deut.29.29,critical_core,unresolved_missing_target,unresolved,False,False,unresolved_missing_target,41,3
DEU,Deut.12.32-Deut.13.11,edition_complete,mapped_partial,partial_provisional,False,False,mapped_partial,1,1
DEU,Deut.22.22-Deut.22.30,edition_complete,mapped_partial,partial_provisional,False,False,mapped_partial,1,2
DEU,Deut.29.18-Deut.29.29,edition_complete,mapped_partial,partial_provisional,False,False,mapped_partial,1,3
DEU,Deut.1.1,edition_complete,mapped_provisional,provisional_mechanical,False,False,provisional_same_label,28,1
DEU,Deut.1.1-Deut.1.46,edition_complete,mapped_provisional,provisional_mechanical,False,False,provisional_same_label,1,2
DEU,Deut.1.10,edition_complete,mapped_provisional,provisional_mechanical,False,False,provisional_same_label,20,3
DEU,Deut.12.32,edition_complete,unresolved_missing_target,unresolved,False,False,unresolved_missing_target,46,1
DEU,Deut.22.30,edition_complete,unresolved_missing_target,unresolved,False,False,unresolved_missing_target,10,2
DEU,Deut.29.29,edition_complete,unresolved_missing_target,unresolved,False,False,unresolved_missing_target,41,3
ECC,Eccl.5.18-Eccl.5.20,critical_core,mapped_partial,partial_provisional,False,False,mapped_partial,4,1
ECC,Eccl.1.1,critical_core,mapped_provisional,provisional_mechanical,False,False,provisional_same_label,14,1
ECC,Eccl.1.1-Eccl.1.2,critical_core,mapped_provisional,provisional_mechanical,False,False,provisional_same_label,2,2
ECC,Eccl.1.10,critical_core,mapped_provisional,provisional_mechanical,False,False,provisional_same_label,8,3
ECC,Eccl.5.20,critical_core,unresolved_missing_target,unresolved,False,False,unresolved_missing_target,10,1
ECC,Eccl.5.18-Eccl.5.20,edition_complete,mapped_partial,partial_provisional,False,False,mapped_partial,4,1
ECC,Eccl.1.1,edition_complete,mapped_provisional,provisional_mechanical,False,False,provisional_same_label,14,1
ECC,Eccl.1.1-Eccl.1.2,edition_complete,mapped_provisional,provisional_mechanical,False,False,provisional_same_label,2,2
ECC,Eccl.1.10,edition_complete,mapped_provisional,provisional_mechanical,False,False,provisional_same_label,8,3
ECC,Eccl.5.20,edition_complete,unresolved_missing_target,unresolved,False,False,unresolved_missing_target,10,1
EPH,Eph.1.1,critical_core,mapped_provisional,provisional_mechanical,False,False,provisional_same_label,36,1
EPH,Eph.1.1-Eph.1.2,critical_core,mapped_provisional,provisional_mechanical,False,False,provisional_same_label,1,2
EPH,Eph.1.1-Eph.1.23,critical_core,mapped_provisional,provisional_mechanical,False,False,provisional_same_label,1,3
EPH,Eph.1.1,edition_complete,mapped_provisional,provisional_mechanical,False,False,provisional_same_label,36,1
EPH,Eph.1.1-Eph.1.2,edition_complete,mapped_provisional,provisional_mechanical,False,False,provisional_same_label,1,2
EPH,Eph.1.1-Eph.1.23,edition_complete,mapped_provisional,provisional_mechanical,False,False,provisional_same_label,1,3
EST,Esth.1.1,critical_core,mapped_provisional,provisional_mechanical,False,False,provisional_same_label,19,1
EST,Esth.1.1-Esth.1.2,critical_core,mapped_provisional,provisional_mechanical,False,False,provisional_same_label,1,2
EST,Esth.1.10,critical_core,mapped_provisional,provisional_mechanical,False,False,provisional_same_label,19,3
EST,Esth.1.1,edition_complete,mapped_provisional,provisional_mechanical,False,False,provisional_same_label,19,1
EST,Esth.1.1-Esth.1.2,edition_complete,mapped_provisional,provisional_mechanical,False,False,provisional_same_label,1,2
EST,Esth.1.10,edition_complete,mapped_provisional,provisional_mechanical,False,False,provisional_same_label,19,3
EXO,Exod.22.23-Exod.22.31,critical_core,mapped_partial,partial_provisional,False,False,mapped_partial,1,1
EXO,Exod.8.22-Exod.8.32,critical_core,mapped_partial,partial_provisional,False,False,mapped_partial,1,2
EXO,Exod.8.28-Exod.8.30,critical_core,mapped_partial,partial_provisional,False,False,mapped_partial,1,3
EXO,Exod.1.1,critical_core,mapped_provisional,provisional_mechanical,False,False,provisional_same_label,11,1
EXO,Exod.1.1-Exod.1.2,critical_core,mapped_provisional,provisional_mechanical,False,False,provisional_same_label,1,2
EXO,Exod.1.1-Exod.1.4,critical_core,mapped_provisional,provisional_mechanical,False,False,provisional_same_label,2,3
EXO,Exod.22.31,critical_core,unresolved_missing_target,unresolved,False,False,unresolved_missing_target,20,1
EXO,Exod.8.29,critical_core,unresolved_missing_target,unresolved,False,False,unresolved_missing_target,10,2
EXO,Exod.8.30,critical_core,unresolved_missing_target,unresolved,False,False,unresolved_missing_target,4,3
EXO,Exod.22.23-Exod.22.31,edition_complete,mapped_partial,partial_provisional,False,False,mapped_partial,1,1
EXO,Exod.8.22-Exod.8.32,edition_complete,mapped_partial,partial_provisional,False,False,mapped_partial,1,2
EXO,Exod.8.28-Exod.8.30,edition_complete,mapped_partial,partial_provisional,False,False,mapped_partial,1,3
EXO,Exod.1.1,edition_complete,mapped_provisional,provisional_mechanical,False,False,provisional_same_label,11,1
EXO,Exod.1.1-Exod.1.2,edition_complete,mapped_provisional,provisional_mechanical,False,False,provisional_same_label,1,2
EXO,Exod.1.1-Exod.1.4,edition_complete,mapped_provisional,provisional_mechanical,False,False,provisional_same_label,2,3
EXO,Exod.22.31,edition_complete,unresolved_missing_target,unresolved,False,False,unresolved_missing_target,20,1
EXO,Exod.8.29,edition_complete,unresolved_missing_target,unresolved,False,False,unresolved_missing_target,10,2
EXO,Exod.8.30,edition_complete,unresolved_missing_target,unresolved,False,False,unresolved_missing_target,4,3
EZK,Ezek.20.1-Ezek.20.49,critical_core,mapped_partial,partial_provisional,False,False,mapped_partial,2,1
EZK,Ezek.1.1,critical_core,mapped_provisional,provisional_mechanical,False,False,provisional_same_label,50,1
EZK,Ezek.1.1-Ezek.1.2,critical_core,mapped_provisional,provisional_mechanical,False,False,provisional_same_label,1,2
EZK,Ezek.1.1-Ezek.1.28,critical_core,mapped_provisional,provisional_mechanical,False,False,provisional_same_label,1,3
EZK,Ezek.20.46,critical_core,unresolved_missing_target,unresolved,False,False,unresolved_missing_target,23,1
EZK,Ezek.20.46-Ezek.20.47,critical_core,unresolved_missing_target,unresolved,False,False,unresolved_missing_target,3,2
EZK,Ezek.20.46-Ezek.20.48,critical_core,unresolved_missing_target,unresolved,False,False,unresolved_missing_target,2,3
EZK,Ezek.20.1-Ezek.20.49,edition_complete,mapped_partial,partial_provisional,False,False,mapped_partial,2,1
EZK,Ezek.1.1,edition_complete,mapped_provisional,provisional_mechanical,False,False,provisional_same_label,50,1
EZK,Ezek.1.1-Ezek.1.2,edition_complete,mapped_provisional,provisional_mechanical,False,False,provisional_same_label,1,2
EZK,Ezek.1.1-Ezek.1.28,edition_complete,mapped_provisional,provisional_mechanical,False,False,provisional_same_label,1,3
EZK,Ezek.20.46,edition_complete,unresolved_missing_target,unresolved,False,False,unresolved_missing_target,23,1
EZK,Ezek.20.46-Ezek.20.47,edition_complete,unresolved_missing_target,unresolved,False,False,unresolved_missing_target,3,2
EZK,Ezek.20.46-Ezek.20.48,edition_complete,unresolved_missing_target,unresolved,False,False,unresolved_missing_target,2,3
EZR,Ezra.1.1,critical_core,mapped_provisional,provisional_mechanical,False,False,provisional_same_label,27,1
EZR,Ezra.1.1-Ezra.1.11,critical_core,mapped_provisional,provisional_mechanical,False,False,provisional_same_label,4,2
EZR,Ezra.1.1-Ezra.1.2,critical_core,mapped_provisional,provisional_mechanical,False,False,provisional_same_label,7,3
EZR,Ezra.1.1,edition_complete,mapped_provisional,provisional_mechanical,False,False,provisional_same_label,27,1
EZR,Ezra.1.1-Ezra.1.11,edition_complete,mapped_provisional,provisional_mechanical,False,False,provisional_same_label,4,2
EZR,Ezra.1.1-Ezra.1.2,edition_complete,mapped_provisional,provisional_mechanical,False,False,provisional_same_label,7,3
GAL,Gal.1.1,critical_core,mapped_provisional,provisional_mechanical,False,False,provisional_same_label,51,1
GAL,Gal.1.1-Gal.1.2,critical_core,mapped_provisional,provisional_mechanical,False,False,provisional_same_label,1,2
GAL,Gal.1.10,critical_core,mapped_provisional,provisional_mechanical,False,False,provisional_same_label,51,3
GAL,Gal.1.1,edition_complete,mapped_provisional,provisional_mechanical,False,False,provisional_same_label,51,1
GAL,Gal.1.1-Gal.1.2,edition_complete,mapped_provisional,provisional_mechanical,False,False,provisional_same_label,1,2
GAL,Gal.1.10,edition_complete,mapped_provisional,provisional_mechanical,False,False,provisional_same_label,51,3
GEN,Gen.31.36-Gen.31.55,critical_core,mapped_partial,partial_provisional,False,False,mapped_partial,1,1
GEN,Gen.1.1,critical_core,mapped_provisional,provisional_mechanical,False,False,provisional_same_label,88,1
GEN,Gen.1.1-Gen.1.2,critical_core,mapped_provisional,provisional_mechanical,False,False,provisional_same_label,5,2
GEN,Gen.1.1-Gen.1.31,critical_core,mapped_provisional,provisional_mechanical,False,False,provisional_same_label,3,3
GEN,Gen.31.55,critical_core,unresolved_missing_target,unresolved,False,False,unresolved_missing_target,26,1
GEN,Gen.31.36-Gen.31.55,edition_complete,mapped_partial,partial_provisional,False,False,mapped_partial,1,1
GEN,Gen.1.1,edition_complete,mapped_provisional,provisional_mechanical,False,False,provisional_same_label,88,1
GEN,Gen.1.1-Gen.1.2,edition_complete,mapped_provisional,provisional_mechanical,False,False,provisional_same_label,5,2
GEN,Gen.1.1-Gen.1.31,edition_complete,mapped_provisional,provisional_mechanical,False,False,provisional_same_label,3,3
GEN,Gen.31.55,edition_complete,unresolved_missing_target,unresolved,False,False,unresolved_missing_target,26,1
HAB,Hab.1.1,critical_core,mapped_provisional,provisional_mechanical,False,False,provisional_same_label,7,1
HAB,Hab.1.10,critical_core,mapped_provisional,provisional_mechanical,False,False,provisional_same_label,12,2
HAB,Hab.1.10-Hab.1.11,critical_core,mapped_provisional,provisional_mechanical,False,False,provisional_same_label,1,3
HAB,Hab.1.1,edition_complete,mapped_provisional,provisional_mechanical,False,False,provisional_same_label,7,1
HAB,Hab.1.10,edition_complete,mapped_provisional,provisional_mechanical,False,False,provisional_same_label,12,2
HAB,Hab.1.10-Hab.1.11,edition_complete,mapped_provisional,provisional_mechanical,False,False,provisional_same_label,1,3
HAG,Hag.1.1,critical_core,mapped_provisional,provisional_mechanical,False,False,provisional_same_label,52,1
HAG,Hag.1.1-Hag.1.12,critical_core,mapped_provisional,provisional_mechanical,False,False,provisional_same_label,1,2
HAG,Hag.1.1-Hag.2.1,critical_core,mapped_provisional,provisional_mechanical,False,False,provisional_same_label,1,3
HAG,Hag.1.1,edition_complete,mapped_provisional,provisional_mechanical,False,False,provisional_same_label,52,1
HAG,Hag.1.1-Hag.1.12,edition_complete,mapped_provisional,provisional_mechanical,False,False,provisional_same_label,1,2
HAG,Hag.1.1-Hag.2.1,edition_complete,mapped_provisional,provisional_mechanical,False,False,provisional_same_label,1,3
HEB,Heb.1.1,critical_core,mapped_provisional,provisional_mechanical,False,False,provisional_same_label,43,1
HEB,Heb.1.1-Heb.1.2,critical_core,mapped_provisional,provisional_mechanical,False,False,provisional_same_label,8,2
HEB,Heb.1.1-Heb.1.6,critical_core,mapped_provisional,provisional_mechanical,False,False,provisional_same_label,1,3
HEB,Heb.1.1,edition_complete,mapped_provisional,provisional_mechanical,False,False,provisional_same_label,43,1
HEB,Heb.1.1-Heb.1.2,edition_complete,mapped_provisional,provisional_mechanical,False,False,provisional_same_label,8,2
HEB,Heb.1.1-Heb.1.6,edition_complete,mapped_provisional,provisional_mechanical,False,False,provisional_same_label,1,3
HOS,Hos.1.4-Hos.1.11,critical_core,mapped_partial,partial_provisional,False,False,mapped_partial,1,1
HOS,Hos.1.6-Hos.1.10,critical_core,mapped_partial,partial_provisional,False,False,mapped_partial,1,2
HOS,Hos.1.7-Hos.1.11,critical_core,mapped_partial,partial_provisional,False,False,mapped_partial,1,3
HOS,Hos.1.1,critical_core,mapped_provisional,provisional_mechanical,False,False,provisional_same_label,35,1
HOS,Hos.1.1-Hos.1.2,critical_core,mapped_provisional,provisional_mechanical,False,False,provisional_same_label,3,2
HOS,Hos.1.1-Hos.1.3,critical_core,mapped_provisional,provisional_mechanical,False,False,provisional_same_label,1,3
HOS,Hos.1.10,critical_core,unresolved_missing_target,unresolved,False,False,unresolved_missing_target,61,1
HOS,Hos.1.10-Hos.1.11,critical_core,unresolved_missing_target,unresolved,False,False,unresolved_missing_target,9,2
HOS,Hos.1.11,critical_core,unresolved_missing_target,unresolved,False,False,unresolved_missing_target,44,3
HOS,Hos.1.4-Hos.1.11,edition_complete,mapped_partial,partial_provisional,False,False,mapped_partial,1,1
HOS,Hos.1.6-Hos.1.10,edition_complete,mapped_partial,partial_provisional,False,False,mapped_partial,1,2
HOS,Hos.1.7-Hos.1.11,edition_complete,mapped_partial,partial_provisional,False,False,mapped_partial,1,3
HOS,Hos.1.1,edition_complete,mapped_provisional,provisional_mechanical,False,False,provisional_same_label,35,1
HOS,Hos.1.1-Hos.1.2,edition_complete,mapped_provisional,provisional_mechanical,False,False,provisional_same_label,3,2
HOS,Hos.1.1-Hos.1.3,edition_complete,mapped_provisional,provisional_mechanical,False,False,provisional_same_label,1,3
HOS,Hos.1.10,edition_complete,unresolved_missing_target,unresolved,False,False,unresolved_missing_target,61,1
HOS,Hos.1.10-Hos.1.11,edition_complete,unresolved_missing_target,unresolved,False,False,unresolved_missing_target,9,2
HOS,Hos.1.11,edition_complete,unresolved_missing_target,unresolved,False,False,unresolved_missing_target,44,3
ISA,Isa.63.15-Isa.64.12,critical_core,mapped_partial,partial_provisional,False,False,mapped_partial,1,1
ISA,Isa.64.1-Isa.64.12,critical_core,mapped_partial,partial_provisional,False,False,mapped_partial,1,2
ISA,Isa.64.10-Isa.64.12,critical_core,mapped_partial,partial_provisional,False,False,mapped_partial,1,3
ISA,Isa.1.1,critical_core,mapped_provisional,provisional_mechanical,False,False,provisional_same_label,48,1
ISA,Isa.1.1-Isa.1.2,critical_core,mapped_provisional,provisional_mechanical,False,False,provisional_same_label,1,2
ISA,Isa.1.10,critical_core,mapped_provisional,provisional_mechanical,False,False,provisional_same_label,43,3
ISA,Isa.64.12,critical_core,unresolved_missing_target,unresolved,False,False,unresolved_missing_target,15,1
ISA,Isa.9.21,critical_core,unresolved_missing_target,unresolved,False,False,unresolved_missing_target,32,2
ISA,Isa.63.15-Isa.64.12,edition_complete,mapped_partial,partial_provisional,False,False,mapped_partial,1,1
ISA,Isa.64.1-Isa.64.12,edition_complete,mapped_partial,partial_provisional,False,False,mapped_partial,1,2
ISA,Isa.64.10-Isa.64.12,edition_complete,mapped_partial,partial_provisional,False,False,mapped_partial,1,3
ISA,Isa.1.1,edition_complete,mapped_provisional,provisional_mechanical,False,False,provisional_same_label,48,1
ISA,Isa.1.1-Isa.1.2,edition_complete,mapped_provisional,provisional_mechanical,False,False,provisional_same_label,1,2
ISA,Isa.1.10,edition_complete,mapped_provisional,provisional_mechanical,False,False,provisional_same_label,43,3
ISA,Isa.64.12,edition_complete,unresolved_missing_target,unresolved,False,False,unresolved_missing_target,15,1
ISA,Isa.9.21,edition_complete,unresolved_missing_target,unresolved,False,False,unresolved_missing_target,32,2
JAS,Jas.1.1,critical_core,mapped_provisional,provisional_mechanical,False,False,provisional_same_label,80,1
JAS,Jas.1.1-Jas.1.27,critical_core,mapped_provisional,provisional_mechanical,False,False,provisional_same_label,1,2
JAS,Jas.1.10,critical_core,mapped_provisional,provisional_mechanical,False,False,provisional_same_label,25,3
JAS,Jas.1.1,edition_complete,mapped_provisional,provisional_mechanical,False,False,provisional_same_label,80,1
JAS,Jas.1.1-Jas.1.27,edition_complete,mapped_provisional,provisional_mechanical,False,False,provisional_same_label,1,2
JAS,Jas.1.10,edition_complete,mapped_provisional,provisional_mechanical,False,False,provisional_same_label,25,3
JDG,Judg.1.1,critical_core,mapped_provisional,provisional_mechanical,False,False,provisional_same_label,21,1
JDG,Judg.1.1-Judg.1.2,critical_core,mapped_provisional,provisional_mechanical,False,False,provisional_same_label,6,2
JDG,Judg.1.1-Judg.1.7,critical_core,mapped_provisional,provisional_mechanical,False,False,provisional_same_label,1,3
JDG,Judg.1.1,edition_complete,mapped_provisional,provisional_mechanical,False,False,provisional_same_label,21,1
JDG,Judg.1.1-Judg.1.2,edition_complete,mapped_provisional,provisional_mechanical,False,False,provisional_same_label,6,2
JDG,Judg.1.1-Judg.1.7,edition_complete,mapped_provisional,provisional_mechanical,False,False,provisional_same_label,1,3
JER,Jer.9.25-Jer.9.26,critical_core,mapped_partial,partial_provisional,False,False,mapped_partial,20,1
JER,Jer.1.1,critical_core,mapped_provisional,provisional_mechanical,False,False,provisional_same_label,21,1
JER,Jer.1.1-Jer.1.2,critical_core,mapped_provisional,provisional_mechanical,False,False,provisional_same_label,1,2
JER,Jer.1.10,critical_core,mapped_provisional,provisional_mechanical,False,False,provisional_same_label,45,3
JER,Jer.9.26,critical_core,unresolved_missing_target,unresolved,False,False,unresolved_missing_target,34,1
JER,Jer.9.25-Jer.9.26,edition_complete,mapped_partial,partial_provisional,False,False,mapped_partial,20,1
JER,Jer.1.1,edition_complete,mapped_provisional,provisional_mechanical,False,False,provisional_same_label,21,1
JER,Jer.1.1-Jer.1.2,edition_complete,mapped_provisional,provisional_mechanical,False,False,provisional_same_label,1,2
JER,Jer.1.10,edition_complete,mapped_provisional,provisional_mechanical,False,False,provisional_same_label,45,3
JER,Jer.9.26,edition_complete,unresolved_missing_target,unresolved,False,False,unresolved_missing_target,34,1
JHN,John.7.45-John.7.53,critical_core,mapped_partial,partial_provisional,False,True,disputed_passage,2,1
JHN,John.7.50-John.7.53,critical_core,mapped_partial,partial_provisional,False,True,disputed_passage,1,2
JHN,John.7.53,critical_core,excluded_by_profile,profile_excluded,False,True,disputed_passage,7,3
JHN,John.1.1,critical_core,mapped_provisional,provisional_mechanical,False,False,provisional_same_label,51,1
JHN,John.1.1-John.1.14,critical_core,mapped_provisional,provisional_mechanical,False,False,provisional_same_label,1,2
JHN,John.1.1-John.1.18,critical_core,mapped_provisional,provisional_mechanical,False,False,provisional_same_label,2,3
JHN,John.7.45-John.7.53,edition_complete,mapped_provisional,provisional_mechanical,False,True,disputed_passage,2,1
JHN,John.7.50-John.7.53,edition_complete,mapped_provisional,provisional_mechanical,False,True,disputed_passage,1,2
JHN,John.7.53,edition_complete,mapped_provisional,provisional_mechanical,False,True,disputed_passage,7,3
JHN,John.1.1,edition_complete,mapped_provisional,provisional_mechanical,False,False,provisional_same_label,51,1
JHN,John.1.1-John.1.14,edition_complete,mapped_provisional,provisional_mechanical,False,False,provisional_same_label,1,2
JHN,John.1.1-John.1.18,edition_complete,mapped_provisional,provisional_mechanical,False,False,provisional_same_label,2,3
JOB,Job.40.15-Job.41.34,critical_core,mapped_partial,partial_provisional,False,False,mapped_partial,1,1
JOB,Job.41.1-Job.41.34,critical_core,mapped_partial,partial_provisional,False,False,mapped_partial,8,2
JOB,Job.41.23-Job.41.30,critical_core,mapped_partial,partial_provisional,False,False,mapped_partial,1,3
JOB,Job.1.1,critical_core,mapped_provisional,provisional_mechanical,False,False,provisional_same_label,59,1
JOB,Job.1.1-Job.1.3,critical_core,mapped_provisional,provisional_mechanical,False,False,provisional_same_label,3,2
JOB,Job.1.1-Job.1.5,critical_core,mapped_provisional,provisional_mechanical,False,False,provisional_same_label,1,3
JOB,Job.41.28,critical_core,unresolved_missing_target,unresolved,False,False,unresolved_missing_target,3,1
JOB,Job.41.29,critical_core,unresolved_missing_target,unresolved,False,False,unresolved_missing_target,2,2
JOB,Job.41.30,critical_core,unresolved_missing_target,unresolved,False,False,unresolved_missing_target,1,3
JOB,Job.40.15-Job.41.34,edition_complete,mapped_partial,partial_provisional,False,False,mapped_partial,1,1
JOB,Job.41.1-Job.41.34,edition_complete,mapped_partial,partial_provisional,False,False,mapped_partial,8,2
JOB,Job.41.23-Job.41.30,edition_complete,mapped_partial,partial_provisional,False,False,mapped_partial,1,3
JOB,Job.1.1,edition_complete,mapped_provisional,provisional_mechanical,False,False,provisional_same_label,59,1
JOB,Job.1.1-Job.1.3,edition_complete,mapped_provisional,provisional_mechanical,False,False,provisional_same_label,3,2
JOB,Job.1.1-Job.1.5,edition_complete,mapped_provisional,provisional_mechanical,False,False,provisional_same_label,1,3
JOB,Job.41.28,edition_complete,unresolved_missing_target,unresolved,False,False,unresolved_missing_target,3,1
JOB,Job.41.29,edition_complete,unresolved_missing_target,unresolved,False,False,unresolved_missing_target,2,2
JOB,Job.41.30,edition_complete,unresolved_missing_target,unresolved,False,False,unresolved_missing_target,1,3
JOL,Joel.3.1-Joel.3.11,critical_core,mapped_partial,partial_provisional,False,False,mapped_partial,1,1
JOL,Joel.3.1-Joel.3.21,critical_core,mapped_partial,partial_provisional,False,False,mapped_partial,1,2
JOL,Joel.3.2-Joel.3.15,critical_core,mapped_partial,partial_provisional,False,False,mapped_partial,1,3
JOL,Joel.1.1,critical_core,mapped_provisional,provisional_mechanical,False,False,provisional_same_label,7,1
JOL,Joel.1.10,critical_core,mapped_provisional,provisional_mechanical,False,False,provisional_same_label,18,2
JOL,Joel.1.10-Joel.1.11,critical_core,mapped_provisional,provisional_mechanical,False,False,provisional_same_label,1,3
JOL,Joel.2.28,critical_core,unresolved_missing_target,unresolved,False,False,unresolved_missing_target,51,1
JOL,Joel.2.28-Joel.2.29,critical_core,unresolved_missing_target,unresolved,False,False,unresolved_missing_target,14,2
JOL,Joel.2.28-Joel.2.32,critical_core,unresolved_missing_target,unresolved,False,False,unresolved_missing_target,7,3
JOL,Joel.3.1-Joel.3.11,edition_complete,mapped_partial,partial_provisional,False,False,mapped_partial,1,1
JOL,Joel.3.1-Joel.3.21,edition_complete,mapped_partial,partial_provisional,False,False,mapped_partial,1,2
JOL,Joel.3.2-Joel.3.15,edition_complete,mapped_partial,partial_provisional,False,False,mapped_partial,1,3
JOL,Joel.1.1,edition_complete,mapped_provisional,provisional_mechanical,False,False,provisional_same_label,7,1
JOL,Joel.1.10,edition_complete,mapped_provisional,provisional_mechanical,False,False,provisional_same_label,18,2
JOL,Joel.1.10-Joel.1.11,edition_complete,mapped_provisional,provisional_mechanical,False,False,provisional_same_label,1,3
JOL,Joel.2.28,edition_complete,unresolved_missing_target,unresolved,False,False,unresolved_missing_target,51,1
JOL,Joel.2.28-Joel.2.29,edition_complete,unresolved_missing_target,unresolved,False,False,unresolved_missing_target,14,2
JOL,Joel.2.28-Joel.2.32,edition_complete,unresolved_missing_target,unresolved,False,False,unresolved_missing_target,7,3
JON,Jonah.1.10-Jonah.1.17,critical_core,mapped_partial,partial_provisional,False,False,mapped_partial,1,1
JON,Jonah.1.1,critical_core,mapped_provisional,provisional_mechanical,False,False,provisional_same_label,10,1
JON,Jonah.1.1-Jonah.1.3,critical_core,mapped_provisional,provisional_mechanical,False,False,provisional_same_label,1,2
JON,Jonah.1.10,critical_core,mapped_provisional,provisional_mechanical,False,False,provisional_same_label,10,3
JON,Jonah.1.17,critical_core,unresolved_missing_target,unresolved,False,False,unresolved_missing_target,20,1
JON,Jonah.1.10-Jonah.1.17,edition_complete,mapped_partial,partial_provisional,False,False,mapped_partial,1,1
JON,Jonah.1.1,edition_complete,mapped_provisional,provisional_mechanical,False,False,provisional_same_label,10,1
JON,Jonah.1.1-Jonah.1.3,edition_complete,mapped_provisional,provisional_mechanical,False,False,provisional_same_label,1,2
JON,Jonah.1.10,edition_complete,mapped_provisional,provisional_mechanical,False,False,provisional_same_label,10,3
JON,Jonah.1.17,edition_complete,unresolved_missing_target,unresolved,False,False,unresolved_missing_target,20,1
JOS,Josh.1.1,critical_core,mapped_provisional,provisional_mechanical,False,False,provisional_same_label,36,1
JOS,Josh.1.1-Josh.1.10,critical_core,mapped_provisional,provisional_mechanical,False,False,provisional_same_label,1,2
JOS,Josh.1.1-Josh.1.2,critical_core,mapped_provisional,provisional_mechanical,False,False,provisional_same_label,2,3
JOS,Josh.1.1,edition_complete,mapped_provisional,provisional_mechanical,False,False,provisional_same_label,36,1
JOS,Josh.1.1-Josh.1.10,edition_complete,mapped_provisional,provisional_mechanical,False,False,provisional_same_label,1,2
JOS,Josh.1.1-Josh.1.2,edition_complete,mapped_provisional,provisional_mechanical,False,False,provisional_same_label,2,3
JUD,Jude.1.1,critical_core,mapped_provisional,provisional_mechanical,False,False,provisional_same_label,79,1
JUD,Jude.1.1-Jude.1.2,critical_core,mapped_provisional,provisional_mechanical,False,False,provisional_same_label,1,2
JUD,Jude.1.10,critical_core,mapped_provisional,provisional_mechanical,False,False,provisional_same_label,17,3
JUD,Jude.1.1,edition_complete,mapped_provisional,provisional_mechanical,False,False,provisional_same_label,79,1
JUD,Jude.1.1-Jude.1.2,edition_complete,mapped_provisional,provisional_mechanical,False,False,provisional_same_label,1,2
JUD,Jude.1.10,edition_complete,mapped_provisional,provisional_mechanical,False,False,provisional_same_label,17,3
LAM,Lam.1.1,critical_core,mapped_provisional,provisional_mechanical,False,False,provisional_same_label,49,1
LAM,Lam.1.1-Lam.1.2,critical_core,mapped_provisional,provisional_mechanical,False,False,provisional_same_label,3,2
LAM,Lam.1.1-Lam.1.3,critical_core,mapped_provisional,provisional_mechanical,False,False,provisional_same_label,1,3
LAM,Lam.1.1,edition_complete,mapped_provisional,provisional_mechanical,False,False,provisional_same_label,49,1
LAM,Lam.1.1-Lam.1.2,edition_complete,mapped_provisional,provisional_mechanical,False,False,provisional_same_label,3,2
LAM,Lam.1.1-Lam.1.3,edition_complete,mapped_provisional,provisional_mechanical,False,False,provisional_same_label,1,3
LEV,Lev.6.1-Lev.6.30,critical_core,mapped_partial,partial_provisional,False,False,mapped_partial,1,1
LEV,Lev.6.20-Lev.6.30,critical_core,mapped_partial,partial_provisional,False,False,mapped_partial,1,2
LEV,Lev.1.1,critical_core,mapped_provisional,provisional_mechanical,False,False,provisional_same_label,16,1
LEV,Lev.1.1-Lev.1.13,critical_core,mapped_provisional,provisional_mechanical,False,False,provisional_same_label,1,2
LEV,Lev.1.1-Lev.1.17,critical_core,mapped_provisional,provisional_mechanical,False,False,provisional_same_label,9,3
LEV,Lev.6.24-Lev.6.30,critical_core,unresolved_missing_target,unresolved,False,False,unresolved_missing_target,2,1
LEV,Lev.6.25,critical_core,unresolved_missing_target,unresolved,False,False,unresolved_missing_target,17,2
LEV,Lev.6.25-Lev.6.26,critical_core,unresolved_missing_target,unresolved,False,False,unresolved_missing_target,3,3
LEV,Lev.6.1-Lev.6.30,edition_complete,mapped_partial,partial_provisional,False,False,mapped_partial,1,1
LEV,Lev.6.20-Lev.6.30,edition_complete,mapped_partial,partial_provisional,False,False,mapped_partial,1,2
LEV,Lev.1.1,edition_complete,mapped_provisional,provisional_mechanical,False,False,provisional_same_label,16,1
LEV,Lev.1.1-Lev.1.13,edition_complete,mapped_provisional,provisional_mechanical,False,False,provisional_same_label,1,2
LEV,Lev.1.1-Lev.1.17,edition_complete,mapped_provisional,provisional_mechanical,False,False,provisional_same_label,9,3
LEV,Lev.6.24-Lev.6.30,edition_complete,unresolved_missing_target,unresolved,False,False,unresolved_missing_target,2,1
LEV,Lev.6.25,edition_complete,unresolved_missing_target,unresolved,False,False,unresolved_missing_target,17,2
LEV,Lev.6.25-Lev.6.26,edition_complete,unresolved_missing_target,unresolved,False,False,unresolved_missing_target,3,3
LUK,Luke.1.1,critical_core,mapped_provisional,provisional_mechanical,False,False,provisional_same_label,6,1
LUK,Luke.1.1-Luke.1.4,critical_core,mapped_provisional,provisional_mechanical,False,False,provisional_same_label,1,2
LUK,Luke.1.10,critical_core,mapped_provisional,provisional_mechanical,False,False,provisional_same_label,13,3
LUK,Luke.17.24-Luke.17.37,critical_core,mapped_partial,partial_provisional,True,False,reference_gap,1,1
LUK,Luke.17.32-Luke.17.37,critical_core,mapped_partial,partial_provisional,True,False,reference_gap,1,2
LUK,Luke.17.34-Luke.17.37,critical_core,mapped_partial,partial_provisional,True,False,reference_gap,2,3
LUK,Luke.1.1,edition_complete,mapped_provisional,provisional_mechanical,False,False,provisional_same_label,6,1
LUK,Luke.1.1-Luke.1.4,edition_complete,mapped_provisional,provisional_mechanical,False,False,provisional_same_label,1,2
LUK,Luke.1.10,edition_complete,mapped_provisional,provisional_mechanical,False,False,provisional_same_label,13,3
LUK,Luke.17.24-Luke.17.37,edition_complete,mapped_partial,partial_provisional,True,False,reference_gap,1,1
LUK,Luke.17.32-Luke.17.37,edition_complete,mapped_partial,partial_provisional,True,False,reference_gap,1,2
LUK,Luke.17.34-Luke.17.37,edition_complete,mapped_partial,partial_provisional,True,False,reference_gap,2,3
MAL,Mal.3.18-Mal.4.1,critical_core,mapped_partial,partial_provisional,False,False,mapped_partial,1,1
MAL,Mal.3.18-Mal.4.2,critical_core,mapped_partial,partial_provisional,False,False,mapped_partial,1,2
MAL,Mal.1.1,critical_core,mapped_provisional,provisional_mechanical,False,False,provisional_same_label,15,1
MAL,Mal.1.10,critical_core,mapped_provisional,provisional_mechanical,False,False,provisional_same_label,51,2
MAL,Mal.1.10-Mal.1.11,critical_core,mapped_provisional,provisional_mechanical,False,False,provisional_same_label,1,3
MAL,Mal.4.1,critical_core,unresolved_missing_target,unresolved,False,False,unresolved_missing_target,86,1
MAL,Mal.4.1-Mal.4.2,critical_core,unresolved_missing_target,unresolved,False,False,unresolved_missing_target,4,2
MAL,Mal.4.1-Mal.4.3,critical_core,unresolved_missing_target,unresolved,False,False,unresolved_missing_target,6,3
MAL,Mal.3.18-Mal.4.1,edition_complete,mapped_partial,partial_provisional,False,False,mapped_partial,1,1
MAL,Mal.3.18-Mal.4.2,edition_complete,mapped_partial,partial_provisional,False,False,mapped_partial,1,2
MAL,Mal.1.1,edition_complete,mapped_provisional,provisional_mechanical,False,False,provisional_same_label,15,1
MAL,Mal.1.10,edition_complete,mapped_provisional,provisional_mechanical,False,False,provisional_same_label,51,2
MAL,Mal.1.10-Mal.1.11,edition_complete,mapped_provisional,provisional_mechanical,False,False,provisional_same_label,1,3
MAL,Mal.4.1,edition_complete,unresolved_missing_target,unresolved,False,False,unresolved_missing_target,86,1
MAL,Mal.4.1-Mal.4.2,edition_complete,unresolved_missing_target,unresolved,False,False,unresolved_missing_target,4,2
MAL,Mal.4.1-Mal.4.3,edition_complete,unresolved_missing_target,unresolved,False,False,unresolved_missing_target,6,3
MAT,Matt.1.1,critical_core,mapped_provisional,provisional_mechanical,False,False,provisional_same_label,54,1
MAT,Matt.1.1-Matt.1.16,critical_core,mapped_provisional,provisional_mechanical,False,False,provisional_same_label,1,2
MAT,Matt.1.1-Matt.1.17,critical_core,mapped_provisional,provisional_mechanical,False,False,provisional_same_label,3,3
MAT,Matt.18.10-Matt.18.13,critical_core,mapped_partial,partial_provisional,True,False,reference_gap,4,1
MAT,Matt.18.10-Matt.18.14,critical_core,mapped_partial,partial_provisional,True,False,reference_gap,2,2
MAT,Matt.18.5-Matt.18.17,critical_core,mapped_partial,partial_provisional,True,False,reference_gap,1,3
MAT,Matt.1.1,edition_complete,mapped_provisional,provisional_mechanical,False,False,provisional_same_label,54,1
MAT,Matt.1.1-Matt.1.16,edition_complete,mapped_provisional,provisional_mechanical,False,False,provisional_same_label,1,2
MAT,Matt.1.1-Matt.1.17,edition_complete,mapped_provisional,provisional_mechanical,False,False,provisional_same_label,3,3
MAT,Matt.18.10-Matt.18.13,edition_complete,mapped_partial,partial_provisional,True,False,reference_gap,4,1
MAT,Matt.18.10-Matt.18.14,edition_complete,mapped_partial,partial_provisional,True,False,reference_gap,2,2
MAT,Matt.18.5-Matt.18.17,edition_complete,mapped_partial,partial_provisional,True,False,reference_gap,1,3
MIC,Mic.5.8-Mic.5.15,critical_core,mapped_partial,partial_provisional,False,False,mapped_partial,1,1
MIC,Mic.1.1,critical_core,mapped_provisional,provisional_mechanical,False,False,provisional_same_label,31,1
MIC,Mic.1.1-Mic.1.2,critical_core,mapped_provisional,provisional_mechanical,False,False,provisional_same_label,1,2
MIC,Mic.1.1-Mic.1.9,critical_core,mapped_provisional,provisional_mechanical,False,False,provisional_same_label,1,3
MIC,Mic.5.15,critical_core,unresolved_missing_target,unresolved,False,False,unresolved_missing_target,10,1
MIC,Mic.5.8-Mic.5.15,edition_complete,mapped_partial,partial_provisional,False,False,mapped_partial,1,1
MIC,Mic.1.1,edition_complete,mapped_provisional,provisional_mechanical,False,False,provisional_same_label,31,1
MIC,Mic.1.1-Mic.1.2,edition_complete,mapped_provisional,provisional_mechanical,False,False,provisional_same_label,1,2
MIC,Mic.1.1-Mic.1.9,edition_complete,mapped_provisional,provisional_mechanical,False,False,provisional_same_label,1,3
MIC,Mic.5.15,edition_complete,unresolved_missing_target,unresolved,False,False,unresolved_missing_target,10,1
MRK,Mark.16.10,critical_core,excluded_by_profile,profile_excluded,False,True,disputed_passage,10,1
MRK,Mark.16.10-Mark.16.13,critical_core,excluded_by_profile,profile_excluded,False,True,disputed_passage,1,2
MRK,Mark.16.10-Mark.16.14,critical_core,excluded_by_profile,profile_excluded,False,True,disputed_passage,1,3
MRK,Mark.1.1,critical_core,mapped_provisional,provisional_mechanical,False,False,provisional_same_label,36,1
MRK,Mark.1.1-Mark.1.11,critical_core,mapped_provisional,provisional_mechanical,False,False,provisional_same_label,2,2
MRK,Mark.1.1-Mark.1.12,critical_core,mapped_provisional,provisional_mechanical,False,False,provisional_same_label,1,3
MRK,Mark.15.21-Mark.15.32,critical_core,mapped_partial,partial_provisional,True,False,reference_gap,1,1
MRK,Mark.15.22-Mark.15.32,critical_core,mapped_partial,partial_provisional,True,False,reference_gap,1,2
MRK,Mark.15.24-Mark.15.32,critical_core,mapped_partial,partial_provisional,True,False,reference_gap,1,3
MRK,Mark.16.10,edition_complete,mapped_provisional,provisional_mechanical,False,True,disputed_passage,10,1
MRK,Mark.16.10-Mark.16.13,edition_complete,mapped_provisional,provisional_mechanical,False,True,disputed_passage,1,2
MRK,Mark.16.10-Mark.16.14,edition_complete,mapped_provisional,provisional_mechanical,False,True,disputed_passage,1,3
MRK,Mark.1.1,edition_complete,mapped_provisional,provisional_mechanical,False,False,provisional_same_label,36,1
MRK,Mark.1.1-Mark.1.11,edition_complete,mapped_provisional,provisional_mechanical,False,False,provisional_same_label,2,2
MRK,Mark.1.1-Mark.1.12,edition_complete,mapped_provisional,provisional_mechanical,False,False,provisional_same_label,1,3
MRK,Mark.15.21-Mark.15.32,edition_complete,mapped_partial,partial_provisional,True,False,reference_gap,1,1
MRK,Mark.15.22-Mark.15.32,edition_complete,mapped_partial,partial_provisional,True,False,reference_gap,1,2
MRK,Mark.15.24-Mark.15.32,edition_complete,mapped_partial,partial_provisional,True,False,reference_gap,1,3
NAM,Nah.1.1,critical_core,mapped_provisional,provisional_mechanical,False,False,provisional_same_label,28,1
NAM,Nah.1.1-Nah.1.2,critical_core,mapped_provisional,provisional_mechanical,False,False,provisional_same_label,1,2
NAM,Nah.1.1-Nah.1.3,critical_core,mapped_provisional,provisional_mechanical,False,False,provisional_same_label,2,3
NAM,Nah.1.15,critical_core,unresolved_missing_target,unresolved,False,False,unresolved_missing_target,42,1
NAM,Nah.1.1,edition_complete,mapped_provisional,provisional_mechanical,False,False,provisional_same_label,28,1
NAM,Nah.1.1-Nah.1.2,edition_complete,mapped_provisional,provisional_mechanical,False,False,provisional_same_label,1,2
NAM,Nah.1.1-Nah.1.3,edition_complete,mapped_provisional,provisional_mechanical,False,False,provisional_same_label,2,3
NAM,Nah.1.15,edition_complete,unresolved_missing_target,unresolved,False,False,unresolved_missing_target,42,1
NEH,Neh.4.16-Neh.4.18,critical_core,mapped_partial,partial_provisional,False,False,mapped_partial,1,1
NEH,Neh.4.16-Neh.4.21,critical_core,mapped_partial,partial_provisional,False,False,mapped_partial,1,2
NEH,Neh.4.17-Neh.4.18,critical_core,mapped_partial,partial_provisional,False,False,mapped_partial,1,3
NEH,Neh.1.1,critical_core,mapped_provisional,provisional_mechanical,False,False,provisional_same_label,14,1
NEH,Neh.1.10,critical_core,mapped_provisional,provisional_mechanical,False,False,provisional_same_label,19,2
NEH,Neh.1.10-Neh.1.11,critical_core,mapped_provisional,provisional_mechanical,False,False,provisional_same_label,1,3
NEH,Neh.4.18,critical_core,unresolved_missing_target,unresolved,False,False,unresolved_missing_target,3,1
NEH,Neh.4.18-Neh.4.21,critical_core,unresolved_missing_target,unresolved,False,False,unresolved_missing_target,1,2
NEH,Neh.4.20,critical_core,unresolved_missing_target,unresolved,False,False,unresolved_missing_target,13,3
NEH,Neh.4.16-Neh.4.18,edition_complete,mapped_partial,partial_provisional,False,False,mapped_partial,1,1
NEH,Neh.4.16-Neh.4.21,edition_complete,mapped_partial,partial_provisional,False,False,mapped_partial,1,2
NEH,Neh.4.17-Neh.4.18,edition_complete,mapped_partial,partial_provisional,False,False,mapped_partial,1,3
NEH,Neh.1.1,edition_complete,mapped_provisional,provisional_mechanical,False,False,provisional_same_label,14,1
NEH,Neh.1.10,edition_complete,mapped_provisional,provisional_mechanical,False,False,provisional_same_label,19,2
NEH,Neh.1.10-Neh.1.11,edition_complete,mapped_provisional,provisional_mechanical,False,False,provisional_same_label,1,3
NEH,Neh.4.18,edition_complete,unresolved_missing_target,unresolved,False,False,unresolved_missing_target,3,1
NEH,Neh.4.18-Neh.4.21,edition_complete,unresolved_missing_target,unresolved,False,False,unresolved_missing_target,1,2
NEH,Neh.4.20,edition_complete,unresolved_missing_target,unresolved,False,False,unresolved_missing_target,13,3
NUM,Num.16.1-Num.16.50,critical_core,mapped_partial,partial_provisional,False,False,mapped_partial,2,1
NUM,Num.16.19-Num.16.41,critical_core,mapped_partial,partial_provisional,False,False,mapped_partial,1,2
NUM,Num.16.35-Num.16.40,critical_core,mapped_partial,partial_provisional,False,False,mapped_partial,4,3
NUM,Num.1.1,critical_core,mapped_provisional,provisional_mechanical,False,False,provisional_same_label,19,1
NUM,Num.1.1-Num.1.10,critical_core,mapped_provisional,provisional_mechanical,False,False,provisional_same_label,1,2
NUM,Num.1.1-Num.1.2,critical_core,mapped_provisional,provisional_mechanical,False,False,provisional_same_label,1,3
NUM,Num.16.37,critical_core,unresolved_missing_target,unresolved,False,False,unresolved_missing_target,3,1
NUM,Num.16.37-Num.16.38,critical_core,unresolved_missing_target,unresolved,False,False,unresolved_missing_target,1,2
NUM,Num.16.38,critical_core,unresolved_missing_target,unresolved,False,False,unresolved_missing_target,22,3
NUM,Num.16.1-Num.16.50,edition_complete,mapped_partial,partial_provisional,False,False,mapped_partial,2,1
NUM,Num.16.19-Num.16.41,edition_complete,mapped_partial,partial_provisional,False,False,mapped_partial,1,2
NUM,Num.16.35-Num.16.40,edition_complete,mapped_partial,partial_provisional,False,False,mapped_partial,4,3
NUM,Num.1.1,edition_complete,mapped_provisional,provisional_mechanical,False,False,provisional_same_label,19,1
NUM,Num.1.1-Num.1.10,edition_complete,mapped_provisional,provisional_mechanical,False,False,provisional_same_label,1,2
NUM,Num.1.1-Num.1.2,edition_complete,mapped_provisional,provisional_mechanical,False,False,provisional_same_label,1,3
NUM,Num.16.37,edition_complete,unresolved_missing_target,unresolved,False,False,unresolved_missing_target,3,1
NUM,Num.16.37-Num.16.38,edition_complete,unresolved_missing_target,unresolved,False,False,unresolved_missing_target,1,2
NUM,Num.16.38,edition_complete,unresolved_missing_target,unresolved,False,False,unresolved_missing_target,22,3
OBA,Obad.1.1,critical_core,mapped_provisional,provisional_mechanical,False,False,provisional_same_label,27,1
OBA,Obad.1.1-Obad.1.14,critical_core,mapped_provisional,provisional_mechanical,False,False,provisional_same_label,2,2
OBA,Obad.1.1-Obad.1.16,critical_core,mapped_provisional,provisional_mechanical,False,False,provisional_same_label,3,3
OBA,Obad.1.1,edition_complete,mapped_provisional,provisional_mechanical,False,False,provisional_same_label,27,1
OBA,Obad.1.1-Obad.1.14,edition_complete,mapped_provisional,provisional_mechanical,False,False,provisional_same_label,2,2
OBA,Obad.1.1-Obad.1.16,edition_complete,mapped_provisional,provisional_mechanical,False,False,provisional_same_label,3,3
PHM,Phlm.1.1,critical_core,mapped_provisional,provisional_mechanical,False,False,provisional_same_label,22,1
PHM,Phlm.1.1-Phlm.1.2,critical_core,mapped_provisional,provisional_mechanical,False,False,provisional_same_label,2,2
PHM,Phlm.1.1-Phlm.1.25,critical_core,mapped_provisional,provisional_mechanical,False,False,provisional_same_label,1,3
PHM,Phlm.1.1,edition_complete,mapped_provisional,provisional_mechanical,False,False,provisional_same_label,22,1
PHM,Phlm.1.1-Phlm.1.2,edition_complete,mapped_provisional,provisional_mechanical,False,False,provisional_same_label,2,2
PHM,Phlm.1.1-Phlm.1.25,edition_complete,mapped_provisional,provisional_mechanical,False,False,provisional_same_label,1,3
PHP,Phil.1.1,critical_core,mapped_provisional,provisional_mechanical,False,False,provisional_same_label,59,1
PHP,Phil.1.10,critical_core,mapped_provisional,provisional_mechanical,False,False,provisional_same_label,68,2
PHP,Phil.1.11,critical_core,mapped_provisional,provisional_mechanical,False,False,provisional_same_label,80,3
PHP,Phil.1.1,edition_complete,mapped_provisional,provisional_mechanical,False,False,provisional_same_label,59,1
PHP,Phil.1.10,edition_complete,mapped_provisional,provisional_mechanical,False,False,provisional_same_label,68,2
PHP,Phil.1.11,edition_complete,mapped_provisional,provisional_mechanical,False,False,provisional_same_label,80,3
PRO,Prov.1.1,critical_core,mapped_provisional,provisional_mechanical,False,False,provisional_same_label,15,1
PRO,Prov.1.1-Prov.1.31,critical_core,mapped_provisional,provisional_mechanical,False,False,provisional_same_label,1,2
PRO,Prov.1.1-Prov.1.33,critical_core,mapped_provisional,provisional_mechanical,False,False,provisional_same_label,1,3
PRO,Prov.1.1,edition_complete,mapped_provisional,provisional_mechanical,False,False,provisional_same_label,15,1
PRO,Prov.1.1-Prov.1.31,edition_complete,mapped_provisional,provisional_mechanical,False,False,provisional_same_label,1,2
PRO,Prov.1.1-Prov.1.33,edition_complete,mapped_provisional,provisional_mechanical,False,False,provisional_same_label,1,3
PSA,Ps.1.1,critical_core,mapped_provisional,provisional_mechanical,False,False,provisional_same_label,74,1
PSA,Ps.1.1-Ps.1.2,critical_core,mapped_provisional,provisional_mechanical,False,False,provisional_same_label,9,2
PSA,Ps.1.1-Ps.1.3,critical_core,mapped_provisional,provisional_mechanical,False,False,provisional_same_label,16,3
PSA,Ps.1.1,edition_complete,mapped_provisional,provisional_mechanical,False,False,provisional_same_label,74,1
PSA,Ps.1.1-Ps.1.2,edition_complete,mapped_provisional,provisional_mechanical,False,False,provisional_same_label,9,2
PSA,Ps.1.1-Ps.1.3,edition_complete,mapped_provisional,provisional_mechanical,False,False,provisional_same_label,16,3
REV,Rev.1.1,critical_core,mapped_provisional,provisional_mechanical,False,False,provisional_same_label,46,1
REV,Rev.1.1-Rev.1.3,critical_core,mapped_provisional,provisional_mechanical,False,False,provisional_same_label,2,2
REV,Rev.1.10,critical_core,mapped_provisional,provisional_mechanical,False,False,provisional_same_label,47,3
REV,Rev.1.1,edition_complete,mapped_provisional,provisional_mechanical,False,False,provisional_same_label,46,1
REV,Rev.1.1-Rev.1.3,edition_complete,mapped_provisional,provisional_mechanical,False,False,provisional_same_label,2,2
REV,Rev.1.10,edition_complete,mapped_provisional,provisional_mechanical,False,False,provisional_same_label,47,3
ROM,Rom.1.1,critical_core,mapped_provisional,provisional_mechanical,False,False,provisional_same_label,100,1
ROM,Rom.1.1-Rom.1.4,critical_core,mapped_provisional,provisional_mechanical,False,False,provisional_same_label,1,2
ROM,Rom.1.1-Rom.1.5,critical_core,mapped_provisional,provisional_mechanical,False,False,provisional_same_label,1,3
ROM,Rom.1.1,edition_complete,mapped_provisional,provisional_mechanical,False,False,provisional_same_label,100,1
ROM,Rom.1.1-Rom.1.4,edition_complete,mapped_provisional,provisional_mechanical,False,False,provisional_same_label,1,2
ROM,Rom.1.1-Rom.1.5,edition_complete,mapped_provisional,provisional_mechanical,False,False,provisional_same_label,1,3
RUT,Ruth.1.1,critical_core,mapped_provisional,provisional_mechanical,False,False,provisional_same_label,28,1
RUT,Ruth.1.1-Ruth.1.2,critical_core,mapped_provisional,provisional_mechanical,False,False,provisional_same_label,1,2
RUT,Ruth.1.1-Ruth.1.4,critical_core,mapped_provisional,provisional_mechanical,False,False,provisional_same_label,2,3
RUT,Ruth.1.1,edition_complete,mapped_provisional,provisional_mechanical,False,False,provisional_same_label,28,1
RUT,Ruth.1.1-Ruth.1.2,edition_complete,mapped_provisional,provisional_mechanical,False,False,provisional_same_label,1,2
RUT,Ruth.1.1-Ruth.1.4,edition_complete,mapped_provisional,provisional_mechanical,False,False,provisional_same_label,2,3
SNG,Song.1.1,critical_core,mapped_provisional,provisional_mechanical,False,False,provisional_same_label,5,1
SNG,Song.1.1-Song.1.17,critical_core,mapped_provisional,provisional_mechanical,False,False,provisional_same_label,1,2
SNG,Song.1.1-Song.1.7,critical_core,mapped_provisional,provisional_mechanical,False,False,provisional_same_label,1,3
SNG,Song.6.13,critical_core,unresolved_missing_target,unresolved,False,False,unresolved_missing_target,24,1
SNG,Song.1.1,edition_complete,mapped_provisional,provisional_mechanical,False,False,provisional_same_label,5,1
SNG,Song.1.1-Song.1.17,edition_complete,mapped_provisional,provisional_mechanical,False,False,provisional_same_label,1,2
SNG,Song.1.1-Song.1.7,edition_complete,mapped_provisional,provisional_mechanical,False,False,provisional_same_label,1,3
SNG,Song.6.13,edition_complete,unresolved_missing_target,unresolved,False,False,unresolved_missing_target,24,1
TIT,Titus.1.1,critical_core,mapped_provisional,provisional_mechanical,False,False,provisional_same_label,47,1
TIT,Titus.1.1-Titus.1.2,critical_core,mapped_provisional,provisional_mechanical,False,False,provisional_same_label,3,2
TIT,Titus.1.1-Titus.1.3,critical_core,mapped_provisional,provisional_mechanical,False,False,provisional_same_label,3,3
TIT,Titus.1.1,edition_complete,mapped_provisional,provisional_mechanical,False,False,provisional_same_label,47,1
TIT,Titus.1.1-Titus.1.2,edition_complete,mapped_provisional,provisional_mechanical,False,False,provisional_same_label,3,2
TIT,Titus.1.1-Titus.1.3,edition_complete,mapped_provisional,provisional_mechanical,False,False,provisional_same_label,3,3
ZEC,Zech.1.1-Zech.1.21,critical_core,mapped_partial,partial_provisional,False,False,mapped_partial,1,1
ZEC,Zech.1.1,critical_core,mapped_provisional,provisional_mechanical,False,False,provisional_same_label,19,1
ZEC,Zech.1.10,critical_core,mapped_provisional,provisional_mechanical,False,False,provisional_same_label,17,2
ZEC,Zech.1.10-Zech.1.11,critical_core,mapped_provisional,provisional_mechanical,False,False,provisional_same_label,5,3
ZEC,Zech.1.18,critical_core,unresolved_missing_target,unresolved,False,False,unresolved_missing_target,15,1
ZEC,Zech.1.18-Zech.1.19,critical_core,unresolved_missing_target,unresolved,False,False,unresolved_missing_target,1,2
ZEC,Zech.1.18-Zech.1.20,critical_core,unresolved_missing_target,unresolved,False,False,unresolved_missing_target,1,3
ZEC,Zech.1.1-Zech.1.21,edition_complete,mapped_partial,partial_provisional,False,False,mapped_partial,1,1
ZEC,Zech.1.1,edition_complete,mapped_provisional,provisional_mechanical,False,False,provisional_same_label,19,1
ZEC,Zech.1.10,edition_complete,mapped_provisional,provisional_mechanical,False,False,provisional_same_label,17,2
ZEC,Zech.1.10-Zech.1.11,edition_complete,mapped_provisional,provisional_mechanical,False,False,provisional_same_label,5,3
ZEC,Zech.1.18,edition_complete,unresolved_missing_target,unresolved,False,False,unresolved_missing_target,15,1
ZEC,Zech.1.18-Zech.1.19,edition_complete,unresolved_missing_target,unresolved,False,False,unresolved_missing_target,1,2
ZEC,Zech.1.18-Zech.1.20,edition_complete,unresolved_missing_target,unresolved,False,False,unresolved_missing_target,1,3
ZEP,Zeph.1.1,critical_core,mapped_provisional,provisional_mechanical,False,False,provisional_same_label,12,1
ZEP,Zeph.1.1-Zeph.1.2,critical_core,mapped_provisional,provisional_mechanical,False,False,provisional_same_label,1,2
ZEP,Zeph.1.10,critical_core,mapped_provisional,provisional_mechanical,False,False,provisional_same_label,27,3
ZEP,Zeph.1.1,edition_complete,mapped_provisional,provisional_mechanical,False,False,provisional_same_label,12,1
ZEP,Zeph.1.1-Zeph.1.2,edition_complete,mapped_provisional,provisional_mechanical,False,False,provisional_same_label,1,2
ZEP,Zeph.1.10,edition_complete,mapped_provisional,provisional_mechanical,False,False,provisional_same_label,27,3
unresolved,1Thess.5.28-2Thess.1.2,critical_core,unresolved_reference,unresolved,False,False,unresolved_reference,1,1
unresolved,2Chr.36.21-Ezra.1.2,critical_core,unresolved_reference,unresolved,False,False,unresolved_reference,1,2
unresolved,2Chr.36.21-Ezra.1.5,critical_core,unresolved_reference,unresolved,False,False,unresolved_reference,1,3
unresolved,1Thess.5.28-2Thess.1.2,edition_complete,unresolved_reference,unresolved,False,False,unresolved_reference,1,1
unresolved,2Chr.36.21-Ezra.1.2,edition_complete,unresolved_reference,unresolved,False,False,unresolved_reference,1,2
unresolved,2Chr.36.21-Ezra.1.5,edition_complete,unresolved_reference,unresolved,False,False,unresolved_reference,1,3
